Metadata_pert_name	mp_value	cell_line	barcode_control	num_permutations
AKT1-1	0.2	HCC44	cutting_control	10
AKT1-2	0.0	HCC44	cutting_control	10
ARID1B-1	0.3	HCC44	cutting_control	10
ARID1B-2	0.1	HCC44	cutting_control	10
ATF4-1	0.0	HCC44	cutting_control	10
ATF4-2	0.1	HCC44	cutting_control	10
ATP50-1	0.0	HCC44	cutting_control	10
ATP50-2	0.0	HCC44	cutting_control	10
AURKB-2	0.0	HCC44	cutting_control	10
BCL2-1	0.2	HCC44	cutting_control	10
BCL2-2	0.0	HCC44	cutting_control	10
BCL2L2-1	0.0	HCC44	cutting_control	10
BCL2L2-2	1.0	HCC44	cutting_control	10
BCL2L2-4	0.0	HCC44	cutting_control	10
BRAF-2	0.0	HCC44	cutting_control	10
BRAF1-1	0.2	HCC44	cutting_control	10
BRCA1-1	0.0	HCC44	cutting_control	10
BRCA1-2	0.0	HCC44	cutting_control	10
BRD4-1	0.0	HCC44	cutting_control	10
BRD4-2	0.0	HCC44	cutting_control	10
CCND1-1	0.3	HCC44	cutting_control	10
CCND1-2	0.0	HCC44	cutting_control	10
CCNE1-1	0.0	HCC44	cutting_control	10
CCNE1-2	0.0	HCC44	cutting_control	10
CDK2-1	0.0	HCC44	cutting_control	10
CDK2-2	0.0	HCC44	cutting_control	10
CDK4-1	0.0	HCC44	cutting_control	10
CDK4-2	0.1	HCC44	cutting_control	10
CDK4-3	0.1	HCC44	cutting_control	10
CHEK2-1	0.0	HCC44	cutting_control	10
CHEK2-2	0.2	HCC44	cutting_control	10
COX5B-1	0.1	HCC44	cutting_control	10
COX5B-2	0.0	HCC44	cutting_control	10
CSNK1A1-1	0.0	HCC44	cutting_control	10
CSNK1A1-2	0.0	HCC44	cutting_control	10
CTNNB1-1	0.0	HCC44	cutting_control	10
CTNNB1-2	0.2	HCC44	cutting_control	10
Chr2-1	0.0	HCC44	cutting_control	10
Chr2-2	0.6	HCC44	cutting_control	10
Chr2-3	0.1	HCC44	cutting_control	10
Chr2-4	0.7	HCC44	cutting_control	10
Chr2-5	0.6	HCC44	cutting_control	10
Chr2-6	0.0	HCC44	cutting_control	10
DOT1L-1	0.0	HCC44	cutting_control	10
DOT1L-2	0.0	HCC44	cutting_control	10
EGFR-1	0.3	HCC44	cutting_control	10
EGFR-2	0.1	HCC44	cutting_control	10
EGLN1-8	0.0	HCC44	cutting_control	10
EGLN1-9	0.0	HCC44	cutting_control	10
EMPTY	0.0	HCC44	cutting_control	10
ERBB2-1	0.2	HCC44	cutting_control	10
ERBB2-2	0.0	HCC44	cutting_control	10
ERBB3-1	0.0	HCC44	cutting_control	10
ERBB3-2	0.8	HCC44	cutting_control	10
EZH2-1	0.0	HCC44	cutting_control	10
EZH2-2	0.0	HCC44	cutting_control	10
GLS-1	0.3	HCC44	cutting_control	10
GLS-2	0.0	HCC44	cutting_control	10
GPX4-1	0.5	HCC44	cutting_control	10
GPX4-2	0.1	HCC44	cutting_control	10
HIF1a-1	0.1	HCC44	cutting_control	10
HIF1a-2	0.3	HCC44	cutting_control	10
ITGAV-1	0.0	HCC44	cutting_control	10
ITGAV-2	0.0	HCC44	cutting_control	10
JAK3-1	0.0	HCC44	cutting_control	10
JAK3-2	0.0	HCC44	cutting_control	10
KIF11-1	0.0	HCC44	cutting_control	10
KIF11-2	0.0	HCC44	cutting_control	10
KRAS-1	0.0	HCC44	cutting_control	10
KRAS-2A	0.0	HCC44	cutting_control	10
KRAS-2B	0.1	HCC44	cutting_control	10
LacZ-2	0.3	HCC44	cutting_control	10
LacZ-3	0.1	HCC44	cutting_control	10
Luc-1	0.3	HCC44	cutting_control	10
Luc-2	0.0	HCC44	cutting_control	10
MAPK1-1	0.0	HCC44	cutting_control	10
MAPK1-2	0.0	HCC44	cutting_control	10
MCL1-2	0.0	HCC44	cutting_control	10
MCL1-5	0.1	HCC44	cutting_control	10
MTOR-1	0.0	HCC44	cutting_control	10
MTOR-2	0.0	HCC44	cutting_control	10
MYC-1	0.0	HCC44	cutting_control	10
MYC-2	0.0	HCC44	cutting_control	10
ORC4-1	0.0	HCC44	cutting_control	10
ORC4-2	0.8	HCC44	cutting_control	10
PIK3CA-1	0.0	HCC44	cutting_control	10
PIK3CA-2	0.0	HCC44	cutting_control	10
POLR2D-1	0.0	HCC44	cutting_control	10
POLR2D-2	0.0	HCC44	cutting_control	10
PPIB-1	0.2	HCC44	cutting_control	10
PPIB-2	0.0	HCC44	cutting_control	10
PRDX1-1	0.0	HCC44	cutting_control	10
PRDX1-2	0.5	HCC44	cutting_control	10
PSMA1-1	0.0	HCC44	cutting_control	10
PSMA1-2	0.0	HCC44	cutting_control	10
PTK2-1	0.0	HCC44	cutting_control	10
PTK2-2	0.0	HCC44	cutting_control	10
RAC1-1	0.0	HCC44	cutting_control	10
RAC1-2	0.3	HCC44	cutting_control	10
RAF1-1	0.3	HCC44	cutting_control	10
RAF1-2	0.0	HCC44	cutting_control	10
RHOA-1	0.0	HCC44	cutting_control	10
RHOA-2	0.0	HCC44	cutting_control	10
SDHB-1	0.0	HCC44	cutting_control	10
SDHB-2	0.0	HCC44	cutting_control	10
SLC2A1-1	0.0	HCC44	cutting_control	10
SLC2A2-2	0.0	HCC44	cutting_control	10
SMARCB1-1	0.0	HCC44	cutting_control	10
SMARCB1-2	0.0	HCC44	cutting_control	10
STAT3-1	0.1	HCC44	cutting_control	10
STAT3-2	0.1	HCC44	cutting_control	10
SUZ12-1	0.0	HCC44	cutting_control	10
SUZ12-2	0.0	HCC44	cutting_control	10
TXN-1	0.4	HCC44	cutting_control	10
TXN-2	0.5	HCC44	cutting_control	10
XBP-1	0.0	HCC44	cutting_control	10
XBP-2	0.0	HCC44	cutting_control	10
YAP1-1	0.0	HCC44	cutting_control	10
YAP1-2	0.1	HCC44	cutting_control	10
AKT1-1	0.17	HCC44	cutting_control	100
AKT1-2	0.17	HCC44	cutting_control	100
ARID1B-1	0.1	HCC44	cutting_control	100
ARID1B-2	0.11	HCC44	cutting_control	100
ATF4-1	0.01	HCC44	cutting_control	100
ATF4-2	0.15	HCC44	cutting_control	100
ATP50-1	0.0	HCC44	cutting_control	100
ATP50-2	0.01	HCC44	cutting_control	100
AURKB-2	0.04	HCC44	cutting_control	100
BCL2-1	0.33	HCC44	cutting_control	100
BCL2-2	0.09	HCC44	cutting_control	100
BCL2L2-1	0.01	HCC44	cutting_control	100
BCL2L2-2	0.96	HCC44	cutting_control	100
BCL2L2-4	0.0	HCC44	cutting_control	100
BRAF-2	0.02	HCC44	cutting_control	100
BRAF1-1	0.02	HCC44	cutting_control	100
BRCA1-1	0.0	HCC44	cutting_control	100
BRCA1-2	0.01	HCC44	cutting_control	100
BRD4-1	0.0	HCC44	cutting_control	100
BRD4-2	0.0	HCC44	cutting_control	100
CCND1-1	0.23	HCC44	cutting_control	100
CCND1-2	0.01	HCC44	cutting_control	100
CCNE1-1	0.0	HCC44	cutting_control	100
CCNE1-2	0.02	HCC44	cutting_control	100
CDK2-1	0.0	HCC44	cutting_control	100
CDK2-2	0.0	HCC44	cutting_control	100
CDK4-1	0.03	HCC44	cutting_control	100
CDK4-2	0.06	HCC44	cutting_control	100
CDK4-3	0.05	HCC44	cutting_control	100
CHEK2-1	0.02	HCC44	cutting_control	100
CHEK2-2	0.2	HCC44	cutting_control	100
COX5B-1	0.11	HCC44	cutting_control	100
COX5B-2	0.01	HCC44	cutting_control	100
CSNK1A1-1	0.0	HCC44	cutting_control	100
CSNK1A1-2	0.0	HCC44	cutting_control	100
CTNNB1-1	0.01	HCC44	cutting_control	100
CTNNB1-2	0.09	HCC44	cutting_control	100
Chr2-1	0.11	HCC44	cutting_control	100
Chr2-2	0.62	HCC44	cutting_control	100
Chr2-3	0.07	HCC44	cutting_control	100
Chr2-4	0.57	HCC44	cutting_control	100
Chr2-5	0.77	HCC44	cutting_control	100
Chr2-6	0.37	HCC44	cutting_control	100
DOT1L-1	0.05	HCC44	cutting_control	100
DOT1L-2	0.01	HCC44	cutting_control	100
EGFR-1	0.08	HCC44	cutting_control	100
EGFR-2	0.07	HCC44	cutting_control	100
EGLN1-8	0.0	HCC44	cutting_control	100
EGLN1-9	0.0	HCC44	cutting_control	100
EMPTY	0.0	HCC44	cutting_control	100
ERBB2-1	0.13	HCC44	cutting_control	100
ERBB2-2	0.01	HCC44	cutting_control	100
ERBB3-1	0.09	HCC44	cutting_control	100
ERBB3-2	0.42	HCC44	cutting_control	100
EZH2-1	0.01	HCC44	cutting_control	100
EZH2-2	0.0	HCC44	cutting_control	100
GLS-1	0.18	HCC44	cutting_control	100
GLS-2	0.04	HCC44	cutting_control	100
GPX4-1	0.29	HCC44	cutting_control	100
GPX4-2	0.33	HCC44	cutting_control	100
HIF1a-1	0.02	HCC44	cutting_control	100
HIF1a-2	0.11	HCC44	cutting_control	100
ITGAV-1	0.0	HCC44	cutting_control	100
ITGAV-2	0.0	HCC44	cutting_control	100
JAK3-1	0.0	HCC44	cutting_control	100
JAK3-2	0.02	HCC44	cutting_control	100
KIF11-1	0.0	HCC44	cutting_control	100
KIF11-2	0.0	HCC44	cutting_control	100
KRAS-1	0.0	HCC44	cutting_control	100
KRAS-2A	0.0	HCC44	cutting_control	100
KRAS-2B	0.05	HCC44	cutting_control	100
LacZ-2	0.23	HCC44	cutting_control	100
LacZ-3	0.14	HCC44	cutting_control	100
Luc-1	0.21	HCC44	cutting_control	100
Luc-2	0.02	HCC44	cutting_control	100
MAPK1-1	0.0	HCC44	cutting_control	100
MAPK1-2	0.0	HCC44	cutting_control	100
MCL1-2	0.03	HCC44	cutting_control	100
MCL1-5	0.06	HCC44	cutting_control	100
MTOR-1	0.0	HCC44	cutting_control	100
MTOR-2	0.0	HCC44	cutting_control	100
MYC-1	0.0	HCC44	cutting_control	100
MYC-2	0.0	HCC44	cutting_control	100
ORC4-1	0.0	HCC44	cutting_control	100
ORC4-2	0.66	HCC44	cutting_control	100
PIK3CA-1	0.03	HCC44	cutting_control	100
PIK3CA-2	0.01	HCC44	cutting_control	100
POLR2D-1	0.0	HCC44	cutting_control	100
POLR2D-2	0.0	HCC44	cutting_control	100
PPIB-1	0.01	HCC44	cutting_control	100
PPIB-2	0.0	HCC44	cutting_control	100
PRDX1-1	0.14	HCC44	cutting_control	100
PRDX1-2	0.45	HCC44	cutting_control	100
PSMA1-1	0.0	HCC44	cutting_control	100
PSMA1-2	0.0	HCC44	cutting_control	100
PTK2-1	0.0	HCC44	cutting_control	100
PTK2-2	0.0	HCC44	cutting_control	100
RAC1-1	0.05	HCC44	cutting_control	100
RAC1-2	0.35	HCC44	cutting_control	100
RAF1-1	0.31	HCC44	cutting_control	100
RAF1-2	0.18	HCC44	cutting_control	100
RHOA-1	0.0	HCC44	cutting_control	100
RHOA-2	0.0	HCC44	cutting_control	100
SDHB-1	0.0	HCC44	cutting_control	100
SDHB-2	0.0	HCC44	cutting_control	100
SLC2A1-1	0.0	HCC44	cutting_control	100
SLC2A2-2	0.01	HCC44	cutting_control	100
SMARCB1-1	0.0	HCC44	cutting_control	100
SMARCB1-2	0.0	HCC44	cutting_control	100
STAT3-1	0.11	HCC44	cutting_control	100
STAT3-2	0.01	HCC44	cutting_control	100
SUZ12-1	0.03	HCC44	cutting_control	100
SUZ12-2	0.0	HCC44	cutting_control	100
TXN-1	0.11	HCC44	cutting_control	100
TXN-2	0.33	HCC44	cutting_control	100
XBP-1	0.03	HCC44	cutting_control	100
XBP-2	0.03	HCC44	cutting_control	100
YAP1-1	0.03	HCC44	cutting_control	100
YAP1-2	0.02	HCC44	cutting_control	100
AKT1-1	0.177	HCC44	cutting_control	1000
AKT1-2	0.137	HCC44	cutting_control	1000
ARID1B-1	0.121	HCC44	cutting_control	1000
ARID1B-2	0.191	HCC44	cutting_control	1000
ATF4-1	0.0	HCC44	cutting_control	1000
ATF4-2	0.121	HCC44	cutting_control	1000
ATP50-1	0.006	HCC44	cutting_control	1000
ATP50-2	0.002	HCC44	cutting_control	1000
AURKB-2	0.014	HCC44	cutting_control	1000
BCL2-1	0.275	HCC44	cutting_control	1000
BCL2-2	0.083	HCC44	cutting_control	1000
BCL2L2-1	0.012	HCC44	cutting_control	1000
BCL2L2-2	0.97	HCC44	cutting_control	1000
BCL2L2-4	0.012	HCC44	cutting_control	1000
BRAF-2	0.02	HCC44	cutting_control	1000
BRAF1-1	0.085	HCC44	cutting_control	1000
BRCA1-1	0.003	HCC44	cutting_control	1000
BRCA1-2	0.003	HCC44	cutting_control	1000
BRD4-1	0.0	HCC44	cutting_control	1000
BRD4-2	0.0	HCC44	cutting_control	1000
CCND1-1	0.182	HCC44	cutting_control	1000
CCND1-2	0.008	HCC44	cutting_control	1000
CCNE1-1	0.0	HCC44	cutting_control	1000
CCNE1-2	0.009	HCC44	cutting_control	1000
CDK2-1	0.0	HCC44	cutting_control	1000
CDK2-2	0.0	HCC44	cutting_control	1000
CDK4-1	0.012	HCC44	cutting_control	1000
CDK4-2	0.088	HCC44	cutting_control	1000
CDK4-3	0.091	HCC44	cutting_control	1000
CHEK2-1	0.031	HCC44	cutting_control	1000
CHEK2-2	0.159	HCC44	cutting_control	1000
COX5B-1	0.12	HCC44	cutting_control	1000
COX5B-2	0.001	HCC44	cutting_control	1000
CSNK1A1-1	0.0	HCC44	cutting_control	1000
CSNK1A1-2	0.0	HCC44	cutting_control	1000
CTNNB1-1	0.008	HCC44	cutting_control	1000
CTNNB1-2	0.139	HCC44	cutting_control	1000
Chr2-1	0.118	HCC44	cutting_control	1000
Chr2-2	0.67	HCC44	cutting_control	1000
Chr2-3	0.078	HCC44	cutting_control	1000
Chr2-4	0.55	HCC44	cutting_control	1000
Chr2-5	0.769	HCC44	cutting_control	1000
Chr2-6	0.355	HCC44	cutting_control	1000
DOT1L-1	0.055	HCC44	cutting_control	1000
DOT1L-2	0.003	HCC44	cutting_control	1000
EGFR-1	0.189	HCC44	cutting_control	1000
EGFR-2	0.013	HCC44	cutting_control	1000
EGLN1-8	0.001	HCC44	cutting_control	1000
EGLN1-9	0.0	HCC44	cutting_control	1000
EMPTY	0.0	HCC44	cutting_control	1000
ERBB2-1	0.126	HCC44	cutting_control	1000
ERBB2-2	0.009	HCC44	cutting_control	1000
ERBB3-1	0.059	HCC44	cutting_control	1000
ERBB3-2	0.512	HCC44	cutting_control	1000
EZH2-1	0.003	HCC44	cutting_control	1000
EZH2-2	0.029	HCC44	cutting_control	1000
GLS-1	0.121	HCC44	cutting_control	1000
GLS-2	0.048	HCC44	cutting_control	1000
GPX4-1	0.212	HCC44	cutting_control	1000
GPX4-2	0.307	HCC44	cutting_control	1000
HIF1a-1	0.043	HCC44	cutting_control	1000
HIF1a-2	0.139	HCC44	cutting_control	1000
ITGAV-1	0.0	HCC44	cutting_control	1000
ITGAV-2	0.0	HCC44	cutting_control	1000
JAK3-1	0.006	HCC44	cutting_control	1000
JAK3-2	0.004	HCC44	cutting_control	1000
KIF11-1	0.0	HCC44	cutting_control	1000
KIF11-2	0.0	HCC44	cutting_control	1000
KRAS-1	0.0	HCC44	cutting_control	1000
KRAS-2A	0.0	HCC44	cutting_control	1000
KRAS-2B	0.038	HCC44	cutting_control	1000
LacZ-2	0.208	HCC44	cutting_control	1000
LacZ-3	0.116	HCC44	cutting_control	1000
Luc-1	0.184	HCC44	cutting_control	1000
Luc-2	0.015	HCC44	cutting_control	1000
MAPK1-1	0.013	HCC44	cutting_control	1000
MAPK1-2	0.011	HCC44	cutting_control	1000
MCL1-2	0.016	HCC44	cutting_control	1000
MCL1-5	0.044	HCC44	cutting_control	1000
MTOR-1	0.004	HCC44	cutting_control	1000
MTOR-2	0.001	HCC44	cutting_control	1000
MYC-1	0.0	HCC44	cutting_control	1000
MYC-2	0.0	HCC44	cutting_control	1000
ORC4-1	0.007	HCC44	cutting_control	1000
ORC4-2	0.658	HCC44	cutting_control	1000
PIK3CA-1	0.016	HCC44	cutting_control	1000
PIK3CA-2	0.018	HCC44	cutting_control	1000
POLR2D-1	0.0	HCC44	cutting_control	1000
POLR2D-2	0.0	HCC44	cutting_control	1000
PPIB-1	0.026	HCC44	cutting_control	1000
PPIB-2	0.0	HCC44	cutting_control	1000
PRDX1-1	0.15	HCC44	cutting_control	1000
PRDX1-2	0.459	HCC44	cutting_control	1000
PSMA1-1	0.0	HCC44	cutting_control	1000
PSMA1-2	0.0	HCC44	cutting_control	1000
PTK2-1	0.001	HCC44	cutting_control	1000
PTK2-2	0.0	HCC44	cutting_control	1000
RAC1-1	0.026	HCC44	cutting_control	1000
RAC1-2	0.399	HCC44	cutting_control	1000
RAF1-1	0.297	HCC44	cutting_control	1000
RAF1-2	0.196	HCC44	cutting_control	1000
RHOA-1	0.0	HCC44	cutting_control	1000
RHOA-2	0.0	HCC44	cutting_control	1000
SDHB-1	0.005	HCC44	cutting_control	1000
SDHB-2	0.0	HCC44	cutting_control	1000
SLC2A1-1	0.0	HCC44	cutting_control	1000
SLC2A2-2	0.0	HCC44	cutting_control	1000
SMARCB1-1	0.0	HCC44	cutting_control	1000
SMARCB1-2	0.002	HCC44	cutting_control	1000
STAT3-1	0.148	HCC44	cutting_control	1000
STAT3-2	0.015	HCC44	cutting_control	1000
SUZ12-1	0.032	HCC44	cutting_control	1000
SUZ12-2	0.001	HCC44	cutting_control	1000
TXN-1	0.183	HCC44	cutting_control	1000
TXN-2	0.366	HCC44	cutting_control	1000
XBP-1	0.033	HCC44	cutting_control	1000
XBP-2	0.02	HCC44	cutting_control	1000
YAP1-1	0.028	HCC44	cutting_control	1000
YAP1-2	0.037	HCC44	cutting_control	1000
AKT1-1	0.1806	HCC44	cutting_control	5000
AKT1-2	0.1358	HCC44	cutting_control	5000
ARID1B-1	0.1288	HCC44	cutting_control	5000
ARID1B-2	0.177	HCC44	cutting_control	5000
ATF4-1	0.0008	HCC44	cutting_control	5000
ATF4-2	0.1244	HCC44	cutting_control	5000
ATP50-1	0.0116	HCC44	cutting_control	5000
ATP50-2	0.0076	HCC44	cutting_control	5000
AURKB-2	0.0176	HCC44	cutting_control	5000
BCL2-1	0.2806	HCC44	cutting_control	5000
BCL2-2	0.1008	HCC44	cutting_control	5000
BCL2L2-1	0.0096	HCC44	cutting_control	5000
BCL2L2-2	0.9652	HCC44	cutting_control	5000
BCL2L2-4	0.0146	HCC44	cutting_control	5000
BRAF-2	0.0176	HCC44	cutting_control	5000
BRAF1-1	0.0756	HCC44	cutting_control	5000
BRCA1-1	0.005	HCC44	cutting_control	5000
BRCA1-2	0.0032	HCC44	cutting_control	5000
BRD4-1	0.0	HCC44	cutting_control	5000
BRD4-2	0.0	HCC44	cutting_control	5000
CCND1-1	0.1954	HCC44	cutting_control	5000
CCND1-2	0.009	HCC44	cutting_control	5000
CCNE1-1	0.0	HCC44	cutting_control	5000
CCNE1-2	0.006	HCC44	cutting_control	5000
CDK2-1	0.0002	HCC44	cutting_control	5000
CDK2-2	0.0	HCC44	cutting_control	5000
CDK4-1	0.0122	HCC44	cutting_control	5000
CDK4-2	0.0806	HCC44	cutting_control	5000
CDK4-3	0.0894	HCC44	cutting_control	5000
CHEK2-1	0.033	HCC44	cutting_control	5000
CHEK2-2	0.1654	HCC44	cutting_control	5000
COX5B-1	0.11	HCC44	cutting_control	5000
COX5B-2	0.0006	HCC44	cutting_control	5000
CSNK1A1-1	0.0	HCC44	cutting_control	5000
CSNK1A1-2	0.0	HCC44	cutting_control	5000
CTNNB1-1	0.0024	HCC44	cutting_control	5000
CTNNB1-2	0.1242	HCC44	cutting_control	5000
Chr2-1	0.119	HCC44	cutting_control	5000
Chr2-2	0.666	HCC44	cutting_control	5000
Chr2-3	0.0856	HCC44	cutting_control	5000
Chr2-4	0.5622	HCC44	cutting_control	5000
Chr2-5	0.7506	HCC44	cutting_control	5000
Chr2-6	0.358	HCC44	cutting_control	5000
DOT1L-1	0.068	HCC44	cutting_control	5000
DOT1L-2	0.0086	HCC44	cutting_control	5000
EGFR-1	0.194	HCC44	cutting_control	5000
EGFR-2	0.0254	HCC44	cutting_control	5000
EGLN1-8	0.0008	HCC44	cutting_control	5000
EGLN1-9	0.0	HCC44	cutting_control	5000
EMPTY	0.0	HCC44	cutting_control	5000
ERBB2-1	0.139	HCC44	cutting_control	5000
ERBB2-2	0.012	HCC44	cutting_control	5000
ERBB3-1	0.0646	HCC44	cutting_control	5000
ERBB3-2	0.4926	HCC44	cutting_control	5000
EZH2-1	0.0062	HCC44	cutting_control	5000
EZH2-2	0.0224	HCC44	cutting_control	5000
GLS-1	0.1206	HCC44	cutting_control	5000
GLS-2	0.0544	HCC44	cutting_control	5000
GPX4-1	0.2346	HCC44	cutting_control	5000
GPX4-2	0.3142	HCC44	cutting_control	5000
HIF1a-1	0.0328	HCC44	cutting_control	5000
HIF1a-2	0.1352	HCC44	cutting_control	5000
ITGAV-1	0.0	HCC44	cutting_control	5000
ITGAV-2	0.0	HCC44	cutting_control	5000
JAK3-1	0.01	HCC44	cutting_control	5000
JAK3-2	0.0046	HCC44	cutting_control	5000
KIF11-1	0.0	HCC44	cutting_control	5000
KIF11-2	0.0	HCC44	cutting_control	5000
KRAS-1	0.0	HCC44	cutting_control	5000
KRAS-2A	0.0	HCC44	cutting_control	5000
KRAS-2B	0.0424	HCC44	cutting_control	5000
LacZ-2	0.2288	HCC44	cutting_control	5000
LacZ-3	0.1306	HCC44	cutting_control	5000
Luc-1	0.178	HCC44	cutting_control	5000
Luc-2	0.0196	HCC44	cutting_control	5000
MAPK1-1	0.0102	HCC44	cutting_control	5000
MAPK1-2	0.008	HCC44	cutting_control	5000
MCL1-2	0.021	HCC44	cutting_control	5000
MCL1-5	0.0476	HCC44	cutting_control	5000
MTOR-1	0.0024	HCC44	cutting_control	5000
MTOR-2	0.0012	HCC44	cutting_control	5000
MYC-1	0.0	HCC44	cutting_control	5000
MYC-2	0.0	HCC44	cutting_control	5000
ORC4-1	0.008	HCC44	cutting_control	5000
ORC4-2	0.669	HCC44	cutting_control	5000
PIK3CA-1	0.0174	HCC44	cutting_control	5000
PIK3CA-2	0.011	HCC44	cutting_control	5000
POLR2D-1	0.0	HCC44	cutting_control	5000
POLR2D-2	0.0	HCC44	cutting_control	5000
PPIB-1	0.0246	HCC44	cutting_control	5000
PPIB-2	0.0	HCC44	cutting_control	5000
PRDX1-1	0.1552	HCC44	cutting_control	5000
PRDX1-2	0.4572	HCC44	cutting_control	5000
PSMA1-1	0.0	HCC44	cutting_control	5000
PSMA1-2	0.0	HCC44	cutting_control	5000
PTK2-1	0.0004	HCC44	cutting_control	5000
PTK2-2	0.0004	HCC44	cutting_control	5000
RAC1-1	0.0224	HCC44	cutting_control	5000
RAC1-2	0.408	HCC44	cutting_control	5000
RAF1-1	0.304	HCC44	cutting_control	5000
RAF1-2	0.1886	HCC44	cutting_control	5000
RHOA-1	0.0002	HCC44	cutting_control	5000
RHOA-2	0.0	HCC44	cutting_control	5000
SDHB-1	0.004	HCC44	cutting_control	5000
SDHB-2	0.0006	HCC44	cutting_control	5000
SLC2A1-1	0.0002	HCC44	cutting_control	5000
SLC2A2-2	0.001	HCC44	cutting_control	5000
SMARCB1-1	0.0	HCC44	cutting_control	5000
SMARCB1-2	0.0008	HCC44	cutting_control	5000
STAT3-1	0.1382	HCC44	cutting_control	5000
STAT3-2	0.0122	HCC44	cutting_control	5000
SUZ12-1	0.026	HCC44	cutting_control	5000
SUZ12-2	0.001	HCC44	cutting_control	5000
TXN-1	0.1652	HCC44	cutting_control	5000
TXN-2	0.3634	HCC44	cutting_control	5000
XBP-1	0.028	HCC44	cutting_control	5000
XBP-2	0.0182	HCC44	cutting_control	5000
YAP1-1	0.0268	HCC44	cutting_control	5000
YAP1-2	0.0444	HCC44	cutting_control	5000
AKT1-1	0.3	A549	cutting_control	10
AKT1-2	0.1	A549	cutting_control	10
ARID1B-1	0.2	A549	cutting_control	10
ARID1B-2	0.1	A549	cutting_control	10
ATF4-1	0.0	A549	cutting_control	10
ATF4-2	0.0	A549	cutting_control	10
ATP50-1	0.6	A549	cutting_control	10
ATP50-2	0.0	A549	cutting_control	10
AURKB-2	0.5	A549	cutting_control	10
BCL2-1	0.5	A549	cutting_control	10
BCL2-2	0.3	A549	cutting_control	10
BCL2L2-1	0.2	A549	cutting_control	10
BCL2L2-2	0.2	A549	cutting_control	10
BCL2L2-4	0.2	A549	cutting_control	10
BRAF-2	0.1	A549	cutting_control	10
BRAF1-1	0.2	A549	cutting_control	10
BRCA1-1	0.2	A549	cutting_control	10
BRCA1-2	0.5	A549	cutting_control	10
BRD4-1	0.0	A549	cutting_control	10
BRD4-2	0.0	A549	cutting_control	10
CCND1-1	0.0	A549	cutting_control	10
CCND1-2	0.0	A549	cutting_control	10
CCNE1-1	0.0	A549	cutting_control	10
CCNE1-2	0.0	A549	cutting_control	10
CDK2-1	0.0	A549	cutting_control	10
CDK2-2	0.0	A549	cutting_control	10
CDK4-1	0.0	A549	cutting_control	10
CDK4-2	0.0	A549	cutting_control	10
CDK4-3	0.0	A549	cutting_control	10
CHEK2-1	0.0	A549	cutting_control	10
CHEK2-2	0.0	A549	cutting_control	10
COX5B-1	0.1	A549	cutting_control	10
COX5B-2	0.0	A549	cutting_control	10
CSNK1A1-1	0.0	A549	cutting_control	10
CSNK1A1-2	0.0	A549	cutting_control	10
CTNNB1-1	0.0	A549	cutting_control	10
CTNNB1-2	0.2	A549	cutting_control	10
Chr2-1	0.0	A549	cutting_control	10
Chr2-2	0.5	A549	cutting_control	10
Chr2-3	0.8	A549	cutting_control	10
Chr2-4	0.7	A549	cutting_control	10
Chr2-5	1.0	A549	cutting_control	10
Chr2-6	0.1	A549	cutting_control	10
DOT1L-1	0.1	A549	cutting_control	10
DOT1L-2	0.2	A549	cutting_control	10
EGFR-1	0.0	A549	cutting_control	10
EGFR-2	0.0	A549	cutting_control	10
EGLN1-8	0.2	A549	cutting_control	10
EGLN1-9	0.0	A549	cutting_control	10
EMPTY	0.0	A549	cutting_control	10
ERBB2-1	0.0	A549	cutting_control	10
ERBB2-2	0.0	A549	cutting_control	10
ERBB3-1	0.1	A549	cutting_control	10
ERBB3-2	0.2	A549	cutting_control	10
EZH2-1	0.0	A549	cutting_control	10
EZH2-2	0.6	A549	cutting_control	10
GLS-1	0.1	A549	cutting_control	10
GLS-2	0.0	A549	cutting_control	10
GPX4-1	0.2	A549	cutting_control	10
GPX4-2	0.0	A549	cutting_control	10
HIF1a-1	0.0	A549	cutting_control	10
HIF1a-2	0.1	A549	cutting_control	10
ITGAV-1	0.0	A549	cutting_control	10
ITGAV-2	0.0	A549	cutting_control	10
JAK3-1	0.1	A549	cutting_control	10
JAK3-2	0.0	A549	cutting_control	10
KIF11-1	0.0	A549	cutting_control	10
KIF11-2	0.0	A549	cutting_control	10
KRAS-1	0.0	A549	cutting_control	10
KRAS-2A	0.0	A549	cutting_control	10
KRAS-2B	0.1	A549	cutting_control	10
LacZ-2	0.6	A549	cutting_control	10
LacZ-3	0.0	A549	cutting_control	10
Luc-1	0.0	A549	cutting_control	10
Luc-2	0.0	A549	cutting_control	10
MAPK1-1	0.1	A549	cutting_control	10
MAPK1-2	0.0	A549	cutting_control	10
MCL1-2	0.9	A549	cutting_control	10
MCL1-5	0.0	A549	cutting_control	10
MTOR-1	0.0	A549	cutting_control	10
MTOR-2	0.0	A549	cutting_control	10
MYC-1	0.0	A549	cutting_control	10
MYC-2	0.0	A549	cutting_control	10
ORC4-1	0.1	A549	cutting_control	10
ORC4-2	0.2	A549	cutting_control	10
PIK3CA-1	0.0	A549	cutting_control	10
PIK3CA-2	0.0	A549	cutting_control	10
POLR2D-1	0.0	A549	cutting_control	10
POLR2D-2	0.0	A549	cutting_control	10
PPIB-1	0.0	A549	cutting_control	10
PPIB-2	0.0	A549	cutting_control	10
PRDX1-1	0.7	A549	cutting_control	10
PRDX1-2	0.3	A549	cutting_control	10
PSMA1-1	0.0	A549	cutting_control	10
PSMA1-2	0.0	A549	cutting_control	10
PTK2-1	0.0	A549	cutting_control	10
PTK2-2	0.0	A549	cutting_control	10
RAC1-1	0.0	A549	cutting_control	10
RAC1-2	0.0	A549	cutting_control	10
RAF1-1	0.1	A549	cutting_control	10
RAF1-2	0.0	A549	cutting_control	10
RHOA-1	0.0	A549	cutting_control	10
RHOA-2	0.0	A549	cutting_control	10
SDHB-1	0.0	A549	cutting_control	10
SDHB-2	0.0	A549	cutting_control	10
SLC2A1-1	0.0	A549	cutting_control	10
SLC2A2-2	0.2	A549	cutting_control	10
SMARCB1-1	0.0	A549	cutting_control	10
SMARCB1-2	0.0	A549	cutting_control	10
STAT3-1	0.7	A549	cutting_control	10
STAT3-2	0.9	A549	cutting_control	10
SUZ12-1	0.1	A549	cutting_control	10
SUZ12-2	0.0	A549	cutting_control	10
TXN-1	0.1	A549	cutting_control	10
TXN-2	0.8	A549	cutting_control	10
XBP-1	0.3	A549	cutting_control	10
XBP-2	0.3	A549	cutting_control	10
YAP1-1	0.1	A549	cutting_control	10
YAP1-2	0.1	A549	cutting_control	10
AKT1-1	0.12	A549	cutting_control	100
AKT1-2	0.1	A549	cutting_control	100
ARID1B-1	0.12	A549	cutting_control	100
ARID1B-2	0.09	A549	cutting_control	100
ATF4-1	0.0	A549	cutting_control	100
ATF4-2	0.0	A549	cutting_control	100
ATP50-1	0.29	A549	cutting_control	100
ATP50-2	0.01	A549	cutting_control	100
AURKB-2	0.52	A549	cutting_control	100
BCL2-1	0.68	A549	cutting_control	100
BCL2-2	0.27	A549	cutting_control	100
BCL2L2-1	0.2	A549	cutting_control	100
BCL2L2-2	0.37	A549	cutting_control	100
BCL2L2-4	0.3	A549	cutting_control	100
BRAF-2	0.08	A549	cutting_control	100
BRAF1-1	0.3	A549	cutting_control	100
BRCA1-1	0.04	A549	cutting_control	100
BRCA1-2	0.18	A549	cutting_control	100
BRD4-1	0.02	A549	cutting_control	100
BRD4-2	0.0	A549	cutting_control	100
CCND1-1	0.03	A549	cutting_control	100
CCND1-2	0.0	A549	cutting_control	100
CCNE1-1	0.0	A549	cutting_control	100
CCNE1-2	0.0	A549	cutting_control	100
CDK2-1	0.05	A549	cutting_control	100
CDK2-2	0.0	A549	cutting_control	100
CDK4-1	0.0	A549	cutting_control	100
CDK4-2	0.01	A549	cutting_control	100
CDK4-3	0.01	A549	cutting_control	100
CHEK2-1	0.15	A549	cutting_control	100
CHEK2-2	0.17	A549	cutting_control	100
COX5B-1	0.16	A549	cutting_control	100
COX5B-2	0.0	A549	cutting_control	100
CSNK1A1-1	0.0	A549	cutting_control	100
CSNK1A1-2	0.0	A549	cutting_control	100
CTNNB1-1	0.0	A549	cutting_control	100
CTNNB1-2	0.15	A549	cutting_control	100
Chr2-1	0.03	A549	cutting_control	100
Chr2-2	0.77	A549	cutting_control	100
Chr2-3	0.39	A549	cutting_control	100
Chr2-4	0.55	A549	cutting_control	100
Chr2-5	0.87	A549	cutting_control	100
Chr2-6	0.32	A549	cutting_control	100
DOT1L-1	0.09	A549	cutting_control	100
DOT1L-2	0.14	A549	cutting_control	100
EGFR-1	0.06	A549	cutting_control	100
EGFR-2	0.0	A549	cutting_control	100
EGLN1-8	0.12	A549	cutting_control	100
EGLN1-9	0.01	A549	cutting_control	100
EMPTY	0.0	A549	cutting_control	100
ERBB2-1	0.04	A549	cutting_control	100
ERBB2-2	0.0	A549	cutting_control	100
ERBB3-1	0.11	A549	cutting_control	100
ERBB3-2	0.22	A549	cutting_control	100
EZH2-1	0.03	A549	cutting_control	100
EZH2-2	0.32	A549	cutting_control	100
GLS-1	0.13	A549	cutting_control	100
GLS-2	0.0	A549	cutting_control	100
GPX4-1	0.19	A549	cutting_control	100
GPX4-2	0.14	A549	cutting_control	100
HIF1a-1	0.04	A549	cutting_control	100
HIF1a-2	0.15	A549	cutting_control	100
ITGAV-1	0.0	A549	cutting_control	100
ITGAV-2	0.0	A549	cutting_control	100
JAK3-1	0.1	A549	cutting_control	100
JAK3-2	0.04	A549	cutting_control	100
KIF11-1	0.0	A549	cutting_control	100
KIF11-2	0.0	A549	cutting_control	100
KRAS-1	0.0	A549	cutting_control	100
KRAS-2A	0.0	A549	cutting_control	100
KRAS-2B	0.05	A549	cutting_control	100
LacZ-2	0.33	A549	cutting_control	100
LacZ-3	0.01	A549	cutting_control	100
Luc-1	0.09	A549	cutting_control	100
Luc-2	0.02	A549	cutting_control	100
MAPK1-1	0.09	A549	cutting_control	100
MAPK1-2	0.0	A549	cutting_control	100
MCL1-2	0.82	A549	cutting_control	100
MCL1-5	0.06	A549	cutting_control	100
MTOR-1	0.0	A549	cutting_control	100
MTOR-2	0.01	A549	cutting_control	100
MYC-1	0.0	A549	cutting_control	100
MYC-2	0.0	A549	cutting_control	100
ORC4-1	0.16	A549	cutting_control	100
ORC4-2	0.12	A549	cutting_control	100
PIK3CA-1	0.04	A549	cutting_control	100
PIK3CA-2	0.03	A549	cutting_control	100
POLR2D-1	0.0	A549	cutting_control	100
POLR2D-2	0.0	A549	cutting_control	100
PPIB-1	0.01	A549	cutting_control	100
PPIB-2	0.0	A549	cutting_control	100
PRDX1-1	0.48	A549	cutting_control	100
PRDX1-2	0.62	A549	cutting_control	100
PSMA1-1	0.0	A549	cutting_control	100
PSMA1-2	0.0	A549	cutting_control	100
PTK2-1	0.0	A549	cutting_control	100
PTK2-2	0.0	A549	cutting_control	100
RAC1-1	0.1	A549	cutting_control	100
RAC1-2	0.08	A549	cutting_control	100
RAF1-1	0.11	A549	cutting_control	100
RAF1-2	0.05	A549	cutting_control	100
RHOA-1	0.01	A549	cutting_control	100
RHOA-2	0.01	A549	cutting_control	100
SDHB-1	0.09	A549	cutting_control	100
SDHB-2	0.01	A549	cutting_control	100
SLC2A1-1	0.0	A549	cutting_control	100
SLC2A2-2	0.06	A549	cutting_control	100
SMARCB1-1	0.05	A549	cutting_control	100
SMARCB1-2	0.08	A549	cutting_control	100
STAT3-1	0.56	A549	cutting_control	100
STAT3-2	0.68	A549	cutting_control	100
SUZ12-1	0.01	A549	cutting_control	100
SUZ12-2	0.0	A549	cutting_control	100
TXN-1	0.18	A549	cutting_control	100
TXN-2	0.77	A549	cutting_control	100
XBP-1	0.2	A549	cutting_control	100
XBP-2	0.28	A549	cutting_control	100
YAP1-1	0.11	A549	cutting_control	100
YAP1-2	0.15	A549	cutting_control	100
AKT1-1	0.106	A549	cutting_control	1000
AKT1-2	0.108	A549	cutting_control	1000
ARID1B-1	0.092	A549	cutting_control	1000
ARID1B-2	0.111	A549	cutting_control	1000
ATF4-1	0.0	A549	cutting_control	1000
ATF4-2	0.0	A549	cutting_control	1000
ATP50-1	0.281	A549	cutting_control	1000
ATP50-2	0.003	A549	cutting_control	1000
AURKB-2	0.485	A549	cutting_control	1000
BCL2-1	0.642	A549	cutting_control	1000
BCL2-2	0.311	A549	cutting_control	1000
BCL2L2-1	0.246	A549	cutting_control	1000
BCL2L2-2	0.292	A549	cutting_control	1000
BCL2L2-4	0.284	A549	cutting_control	1000
BRAF-2	0.107	A549	cutting_control	1000
BRAF1-1	0.27	A549	cutting_control	1000
BRCA1-1	0.084	A549	cutting_control	1000
BRCA1-2	0.136	A549	cutting_control	1000
BRD4-1	0.049	A549	cutting_control	1000
BRD4-2	0.0	A549	cutting_control	1000
CCND1-1	0.032	A549	cutting_control	1000
CCND1-2	0.0	A549	cutting_control	1000
CCNE1-1	0.0	A549	cutting_control	1000
CCNE1-2	0.004	A549	cutting_control	1000
CDK2-1	0.053	A549	cutting_control	1000
CDK2-2	0.0	A549	cutting_control	1000
CDK4-1	0.0	A549	cutting_control	1000
CDK4-2	0.012	A549	cutting_control	1000
CDK4-3	0.007	A549	cutting_control	1000
CHEK2-1	0.132	A549	cutting_control	1000
CHEK2-2	0.178	A549	cutting_control	1000
COX5B-1	0.16	A549	cutting_control	1000
COX5B-2	0.0	A549	cutting_control	1000
CSNK1A1-1	0.0	A549	cutting_control	1000
CSNK1A1-2	0.0	A549	cutting_control	1000
CTNNB1-1	0.0	A549	cutting_control	1000
CTNNB1-2	0.167	A549	cutting_control	1000
Chr2-1	0.042	A549	cutting_control	1000
Chr2-2	0.692	A549	cutting_control	1000
Chr2-3	0.301	A549	cutting_control	1000
Chr2-4	0.476	A549	cutting_control	1000
Chr2-5	0.819	A549	cutting_control	1000
Chr2-6	0.3	A549	cutting_control	1000
DOT1L-1	0.074	A549	cutting_control	1000
DOT1L-2	0.077	A549	cutting_control	1000
EGFR-1	0.09	A549	cutting_control	1000
EGFR-2	0.0	A549	cutting_control	1000
EGLN1-8	0.121	A549	cutting_control	1000
EGLN1-9	0.011	A549	cutting_control	1000
EMPTY	0.002	A549	cutting_control	1000
ERBB2-1	0.024	A549	cutting_control	1000
ERBB2-2	0.019	A549	cutting_control	1000
ERBB3-1	0.116	A549	cutting_control	1000
ERBB3-2	0.188	A549	cutting_control	1000
EZH2-1	0.089	A549	cutting_control	1000
EZH2-2	0.388	A549	cutting_control	1000
GLS-1	0.111	A549	cutting_control	1000
GLS-2	0.0	A549	cutting_control	1000
GPX4-1	0.222	A549	cutting_control	1000
GPX4-2	0.133	A549	cutting_control	1000
HIF1a-1	0.049	A549	cutting_control	1000
HIF1a-2	0.156	A549	cutting_control	1000
ITGAV-1	0.0	A549	cutting_control	1000
ITGAV-2	0.0	A549	cutting_control	1000
JAK3-1	0.094	A549	cutting_control	1000
JAK3-2	0.014	A549	cutting_control	1000
KIF11-1	0.0	A549	cutting_control	1000
KIF11-2	0.0	A549	cutting_control	1000
KRAS-1	0.001	A549	cutting_control	1000
KRAS-2A	0.0	A549	cutting_control	1000
KRAS-2B	0.036	A549	cutting_control	1000
LacZ-2	0.349	A549	cutting_control	1000
LacZ-3	0.034	A549	cutting_control	1000
Luc-1	0.036	A549	cutting_control	1000
Luc-2	0.007	A549	cutting_control	1000
MAPK1-1	0.073	A549	cutting_control	1000
MAPK1-2	0.009	A549	cutting_control	1000
MCL1-2	0.819	A549	cutting_control	1000
MCL1-5	0.062	A549	cutting_control	1000
MTOR-1	0.001	A549	cutting_control	1000
MTOR-2	0.006	A549	cutting_control	1000
MYC-1	0.0	A549	cutting_control	1000
MYC-2	0.0	A549	cutting_control	1000
ORC4-1	0.158	A549	cutting_control	1000
ORC4-2	0.066	A549	cutting_control	1000
PIK3CA-1	0.013	A549	cutting_control	1000
PIK3CA-2	0.045	A549	cutting_control	1000
POLR2D-1	0.0	A549	cutting_control	1000
POLR2D-2	0.0	A549	cutting_control	1000
PPIB-1	0.03	A549	cutting_control	1000
PPIB-2	0.002	A549	cutting_control	1000
PRDX1-1	0.491	A549	cutting_control	1000
PRDX1-2	0.591	A549	cutting_control	1000
PSMA1-1	0.0	A549	cutting_control	1000
PSMA1-2	0.0	A549	cutting_control	1000
PTK2-1	0.0	A549	cutting_control	1000
PTK2-2	0.001	A549	cutting_control	1000
RAC1-1	0.063	A549	cutting_control	1000
RAC1-2	0.054	A549	cutting_control	1000
RAF1-1	0.119	A549	cutting_control	1000
RAF1-2	0.033	A549	cutting_control	1000
RHOA-1	0.014	A549	cutting_control	1000
RHOA-2	0.014	A549	cutting_control	1000
SDHB-1	0.095	A549	cutting_control	1000
SDHB-2	0.008	A549	cutting_control	1000
SLC2A1-1	0.0	A549	cutting_control	1000
SLC2A2-2	0.089	A549	cutting_control	1000
SMARCB1-1	0.037	A549	cutting_control	1000
SMARCB1-2	0.061	A549	cutting_control	1000
STAT3-1	0.531	A549	cutting_control	1000
STAT3-2	0.728	A549	cutting_control	1000
SUZ12-1	0.0	A549	cutting_control	1000
SUZ12-2	0.0	A549	cutting_control	1000
TXN-1	0.206	A549	cutting_control	1000
TXN-2	0.744	A549	cutting_control	1000
XBP-1	0.22	A549	cutting_control	1000
XBP-2	0.274	A549	cutting_control	1000
YAP1-1	0.141	A549	cutting_control	1000
YAP1-2	0.124	A549	cutting_control	1000
AKT1-1	0.1086	A549	cutting_control	5000
AKT1-2	0.1142	A549	cutting_control	5000
ARID1B-1	0.104	A549	cutting_control	5000
ARID1B-2	0.123	A549	cutting_control	5000
ATF4-1	0.0	A549	cutting_control	5000
ATF4-2	0.0	A549	cutting_control	5000
ATP50-1	0.3014	A549	cutting_control	5000
ATP50-2	0.0082	A549	cutting_control	5000
AURKB-2	0.5064	A549	cutting_control	5000
BCL2-1	0.5952	A549	cutting_control	5000
BCL2-2	0.3102	A549	cutting_control	5000
BCL2L2-1	0.2448	A549	cutting_control	5000
BCL2L2-2	0.306	A549	cutting_control	5000
BCL2L2-4	0.3046	A549	cutting_control	5000
BRAF-2	0.1174	A549	cutting_control	5000
BRAF1-1	0.2756	A549	cutting_control	5000
BRCA1-1	0.0914	A549	cutting_control	5000
BRCA1-2	0.1452	A549	cutting_control	5000
BRD4-1	0.0444	A549	cutting_control	5000
BRD4-2	0.0004	A549	cutting_control	5000
CCND1-1	0.0328	A549	cutting_control	5000
CCND1-2	0.0	A549	cutting_control	5000
CCNE1-1	0.0	A549	cutting_control	5000
CCNE1-2	0.0032	A549	cutting_control	5000
CDK2-1	0.0502	A549	cutting_control	5000
CDK2-2	0.0	A549	cutting_control	5000
CDK4-1	0.0004	A549	cutting_control	5000
CDK4-2	0.0184	A549	cutting_control	5000
CDK4-3	0.0034	A549	cutting_control	5000
CHEK2-1	0.13	A549	cutting_control	5000
CHEK2-2	0.1862	A549	cutting_control	5000
COX5B-1	0.1596	A549	cutting_control	5000
COX5B-2	0.0002	A549	cutting_control	5000
CSNK1A1-1	0.0	A549	cutting_control	5000
CSNK1A1-2	0.0	A549	cutting_control	5000
CTNNB1-1	0.0002	A549	cutting_control	5000
CTNNB1-2	0.1776	A549	cutting_control	5000
Chr2-1	0.0336	A549	cutting_control	5000
Chr2-2	0.7088	A549	cutting_control	5000
Chr2-3	0.2922	A549	cutting_control	5000
Chr2-4	0.4768	A549	cutting_control	5000
Chr2-5	0.8208	A549	cutting_control	5000
Chr2-6	0.32	A549	cutting_control	5000
DOT1L-1	0.0738	A549	cutting_control	5000
DOT1L-2	0.08	A549	cutting_control	5000
EGFR-1	0.103	A549	cutting_control	5000
EGFR-2	0.0	A549	cutting_control	5000
EGLN1-8	0.123	A549	cutting_control	5000
EGLN1-9	0.017	A549	cutting_control	5000
EMPTY	0.0004	A549	cutting_control	5000
ERBB2-1	0.0192	A549	cutting_control	5000
ERBB2-2	0.0126	A549	cutting_control	5000
ERBB3-1	0.1342	A549	cutting_control	5000
ERBB3-2	0.196	A549	cutting_control	5000
EZH2-1	0.0668	A549	cutting_control	5000
EZH2-2	0.3982	A549	cutting_control	5000
GLS-1	0.1044	A549	cutting_control	5000
GLS-2	0.0	A549	cutting_control	5000
GPX4-1	0.2248	A549	cutting_control	5000
GPX4-2	0.1308	A549	cutting_control	5000
HIF1a-1	0.0532	A549	cutting_control	5000
HIF1a-2	0.1478	A549	cutting_control	5000
ITGAV-1	0.0	A549	cutting_control	5000
ITGAV-2	0.0	A549	cutting_control	5000
JAK3-1	0.0942	A549	cutting_control	5000
JAK3-2	0.0186	A549	cutting_control	5000
KIF11-1	0.0	A549	cutting_control	5000
KIF11-2	0.0	A549	cutting_control	5000
KRAS-1	0.0018	A549	cutting_control	5000
KRAS-2A	0.0	A549	cutting_control	5000
KRAS-2B	0.0448	A549	cutting_control	5000
LacZ-2	0.3364	A549	cutting_control	5000
LacZ-3	0.0284	A549	cutting_control	5000
Luc-1	0.0426	A549	cutting_control	5000
Luc-2	0.0086	A549	cutting_control	5000
MAPK1-1	0.0902	A549	cutting_control	5000
MAPK1-2	0.007	A549	cutting_control	5000
MCL1-2	0.8088	A549	cutting_control	5000
MCL1-5	0.0684	A549	cutting_control	5000
MTOR-1	0.0008	A549	cutting_control	5000
MTOR-2	0.0026	A549	cutting_control	5000
MYC-1	0.0	A549	cutting_control	5000
MYC-2	0.0	A549	cutting_control	5000
ORC4-1	0.1618	A549	cutting_control	5000
ORC4-2	0.0738	A549	cutting_control	5000
PIK3CA-1	0.0168	A549	cutting_control	5000
PIK3CA-2	0.0342	A549	cutting_control	5000
POLR2D-1	0.0	A549	cutting_control	5000
POLR2D-2	0.0	A549	cutting_control	5000
PPIB-1	0.022	A549	cutting_control	5000
PPIB-2	0.0016	A549	cutting_control	5000
PRDX1-1	0.5138	A549	cutting_control	5000
PRDX1-2	0.6114	A549	cutting_control	5000
PSMA1-1	0.0	A549	cutting_control	5000
PSMA1-2	0.0	A549	cutting_control	5000
PTK2-1	0.0	A549	cutting_control	5000
PTK2-2	0.0	A549	cutting_control	5000
RAC1-1	0.0622	A549	cutting_control	5000
RAC1-2	0.0482	A549	cutting_control	5000
RAF1-1	0.1184	A549	cutting_control	5000
RAF1-2	0.0508	A549	cutting_control	5000
RHOA-1	0.0152	A549	cutting_control	5000
RHOA-2	0.01	A549	cutting_control	5000
SDHB-1	0.0902	A549	cutting_control	5000
SDHB-2	0.0086	A549	cutting_control	5000
SLC2A1-1	0.0004	A549	cutting_control	5000
SLC2A2-2	0.0914	A549	cutting_control	5000
SMARCB1-1	0.0266	A549	cutting_control	5000
SMARCB1-2	0.0534	A549	cutting_control	5000
STAT3-1	0.5274	A549	cutting_control	5000
STAT3-2	0.7032	A549	cutting_control	5000
SUZ12-1	0.0016	A549	cutting_control	5000
SUZ12-2	0.001	A549	cutting_control	5000
TXN-1	0.2236	A549	cutting_control	5000
TXN-2	0.7396	A549	cutting_control	5000
XBP-1	0.2314	A549	cutting_control	5000
XBP-2	0.2564	A549	cutting_control	5000
YAP1-1	0.1334	A549	cutting_control	5000
YAP1-2	0.118	A549	cutting_control	5000
AKT1-1	0.3	ES2	cutting_control	10
AKT1-2	0.1	ES2	cutting_control	10
ARID1B-1	0.1	ES2	cutting_control	10
ARID1B-2	0.8	ES2	cutting_control	10
ATF4-1	0.0	ES2	cutting_control	10
ATF4-2	0.1	ES2	cutting_control	10
ATP50-1	0.1	ES2	cutting_control	10
ATP50-2	0.0	ES2	cutting_control	10
AURKB-2	0.0	ES2	cutting_control	10
BCL2-1	0.0	ES2	cutting_control	10
BCL2-2	0.4	ES2	cutting_control	10
BCL2L2-1	0.0	ES2	cutting_control	10
BCL2L2-2	0.1	ES2	cutting_control	10
BCL2L2-4	0.0	ES2	cutting_control	10
BRAF-2	0.0	ES2	cutting_control	10
BRAF1-1	0.0	ES2	cutting_control	10
BRCA1-1	0.0	ES2	cutting_control	10
BRCA1-2	0.3	ES2	cutting_control	10
BRD4-1	0.0	ES2	cutting_control	10
BRD4-2	0.0	ES2	cutting_control	10
CCND1-1	0.0	ES2	cutting_control	10
CCND1-2	0.0	ES2	cutting_control	10
CCNE1-1	0.0	ES2	cutting_control	10
CCNE1-2	0.2	ES2	cutting_control	10
CDK2-1	0.0	ES2	cutting_control	10
CDK2-2	0.0	ES2	cutting_control	10
CDK4-1	0.0	ES2	cutting_control	10
CDK4-2	0.0	ES2	cutting_control	10
CDK4-3	0.0	ES2	cutting_control	10
CHEK2-1	0.0	ES2	cutting_control	10
CHEK2-2	0.7	ES2	cutting_control	10
COX5B-1	0.4	ES2	cutting_control	10
COX5B-2	0.1	ES2	cutting_control	10
CSNK1A1-1	0.0	ES2	cutting_control	10
CSNK1A1-2	0.0	ES2	cutting_control	10
CTNNB1-1	0.0	ES2	cutting_control	10
CTNNB1-2	0.0	ES2	cutting_control	10
Chr2-1	0.1	ES2	cutting_control	10
Chr2-2	0.2	ES2	cutting_control	10
Chr2-3	0.1	ES2	cutting_control	10
Chr2-4	1.0	ES2	cutting_control	10
Chr2-5	0.7	ES2	cutting_control	10
Chr2-6	0.7	ES2	cutting_control	10
DOT1L-1	0.1	ES2	cutting_control	10
DOT1L-2	0.1	ES2	cutting_control	10
EGFR-1	0.1	ES2	cutting_control	10
EGFR-2	0.0	ES2	cutting_control	10
EGLN1-8	0.0	ES2	cutting_control	10
EGLN1-9	0.0	ES2	cutting_control	10
EMPTY	0.0	ES2	cutting_control	10
ERBB2-1	0.2	ES2	cutting_control	10
ERBB2-2	0.6	ES2	cutting_control	10
ERBB3-1	0.0	ES2	cutting_control	10
ERBB3-2	0.1	ES2	cutting_control	10
EZH2-1	0.0	ES2	cutting_control	10
EZH2-2	0.0	ES2	cutting_control	10
GLS-1	0.1	ES2	cutting_control	10
GLS-2	0.1	ES2	cutting_control	10
GPX4-1	0.0	ES2	cutting_control	10
GPX4-2	0.0	ES2	cutting_control	10
HIF1a-1	0.1	ES2	cutting_control	10
HIF1a-2	0.1	ES2	cutting_control	10
ITGAV-1	0.0	ES2	cutting_control	10
ITGAV-2	0.0	ES2	cutting_control	10
JAK3-1	0.0	ES2	cutting_control	10
JAK3-2	0.0	ES2	cutting_control	10
KIF11-1	0.0	ES2	cutting_control	10
KIF11-2	0.0	ES2	cutting_control	10
KRAS-1	0.2	ES2	cutting_control	10
KRAS-2A	0.3	ES2	cutting_control	10
KRAS-2B	0.2	ES2	cutting_control	10
LacZ-2	0.0	ES2	cutting_control	10
LacZ-3	0.3	ES2	cutting_control	10
Luc-1	0.2	ES2	cutting_control	10
Luc-2	0.0	ES2	cutting_control	10
MAPK1-1	0.0	ES2	cutting_control	10
MAPK1-2	0.0	ES2	cutting_control	10
MCL1-2	0.1	ES2	cutting_control	10
MCL1-5	0.0	ES2	cutting_control	10
MTOR-1	0.0	ES2	cutting_control	10
MTOR-2	0.0	ES2	cutting_control	10
MYC-1	0.0	ES2	cutting_control	10
MYC-2	0.0	ES2	cutting_control	10
ORC4-1	0.0	ES2	cutting_control	10
ORC4-2	0.3	ES2	cutting_control	10
PIK3CA-1	0.2	ES2	cutting_control	10
PIK3CA-2	0.5	ES2	cutting_control	10
POLR2D-1	0.0	ES2	cutting_control	10
POLR2D-2	0.0	ES2	cutting_control	10
PPIB-1	0.0	ES2	cutting_control	10
PPIB-2	0.0	ES2	cutting_control	10
PRDX1-1	0.1	ES2	cutting_control	10
PRDX1-2	0.2	ES2	cutting_control	10
PSMA1-1	0.0	ES2	cutting_control	10
PSMA1-2	0.0	ES2	cutting_control	10
PTK2-1	0.2	ES2	cutting_control	10
PTK2-2	0.0	ES2	cutting_control	10
RAC1-1	0.1	ES2	cutting_control	10
RAC1-2	0.1	ES2	cutting_control	10
RAF1-1	0.7	ES2	cutting_control	10
RAF1-2	0.2	ES2	cutting_control	10
RHOA-1	0.0	ES2	cutting_control	10
RHOA-2	0.0	ES2	cutting_control	10
SDHB-1	0.1	ES2	cutting_control	10
SDHB-2	0.2	ES2	cutting_control	10
SLC2A1-1	0.0	ES2	cutting_control	10
SLC2A2-2	0.0	ES2	cutting_control	10
SMARCB1-1	0.0	ES2	cutting_control	10
SMARCB1-2	0.0	ES2	cutting_control	10
STAT3-1	0.5	ES2	cutting_control	10
STAT3-2	0.1	ES2	cutting_control	10
SUZ12-1	0.0	ES2	cutting_control	10
SUZ12-2	0.0	ES2	cutting_control	10
TXN-1	0.0	ES2	cutting_control	10
TXN-2	0.0	ES2	cutting_control	10
XBP-1	0.2	ES2	cutting_control	10
XBP-2	0.0	ES2	cutting_control	10
YAP1-1	0.0	ES2	cutting_control	10
YAP1-2	0.0	ES2	cutting_control	10
AKT1-1	0.22	ES2	cutting_control	100
AKT1-2	0.07	ES2	cutting_control	100
ARID1B-1	0.11	ES2	cutting_control	100
ARID1B-2	0.6	ES2	cutting_control	100
ATF4-1	0.01	ES2	cutting_control	100
ATF4-2	0.01	ES2	cutting_control	100
ATP50-1	0.14	ES2	cutting_control	100
ATP50-2	0.07	ES2	cutting_control	100
AURKB-2	0.0	ES2	cutting_control	100
BCL2-1	0.09	ES2	cutting_control	100
BCL2-2	0.29	ES2	cutting_control	100
BCL2L2-1	0.0	ES2	cutting_control	100
BCL2L2-2	0.11	ES2	cutting_control	100
BCL2L2-4	0.21	ES2	cutting_control	100
BRAF-2	0.0	ES2	cutting_control	100
BRAF1-1	0.0	ES2	cutting_control	100
BRCA1-1	0.07	ES2	cutting_control	100
BRCA1-2	0.12	ES2	cutting_control	100
BRD4-1	0.01	ES2	cutting_control	100
BRD4-2	0.0	ES2	cutting_control	100
CCND1-1	0.0	ES2	cutting_control	100
CCND1-2	0.0	ES2	cutting_control	100
CCNE1-1	0.06	ES2	cutting_control	100
CCNE1-2	0.02	ES2	cutting_control	100
CDK2-1	0.0	ES2	cutting_control	100
CDK2-2	0.0	ES2	cutting_control	100
CDK4-1	0.0	ES2	cutting_control	100
CDK4-2	0.0	ES2	cutting_control	100
CDK4-3	0.0	ES2	cutting_control	100
CHEK2-1	0.13	ES2	cutting_control	100
CHEK2-2	0.25	ES2	cutting_control	100
COX5B-1	0.36	ES2	cutting_control	100
COX5B-2	0.14	ES2	cutting_control	100
CSNK1A1-1	0.0	ES2	cutting_control	100
CSNK1A1-2	0.0	ES2	cutting_control	100
CTNNB1-1	0.0	ES2	cutting_control	100
CTNNB1-2	0.05	ES2	cutting_control	100
Chr2-1	0.0	ES2	cutting_control	100
Chr2-2	0.3	ES2	cutting_control	100
Chr2-3	0.04	ES2	cutting_control	100
Chr2-4	0.98	ES2	cutting_control	100
Chr2-5	0.55	ES2	cutting_control	100
Chr2-6	0.37	ES2	cutting_control	100
DOT1L-1	0.22	ES2	cutting_control	100
DOT1L-2	0.1	ES2	cutting_control	100
EGFR-1	0.23	ES2	cutting_control	100
EGFR-2	0.02	ES2	cutting_control	100
EGLN1-8	0.0	ES2	cutting_control	100
EGLN1-9	0.0	ES2	cutting_control	100
EMPTY	0.0	ES2	cutting_control	100
ERBB2-1	0.06	ES2	cutting_control	100
ERBB2-2	0.42	ES2	cutting_control	100
ERBB3-1	0.11	ES2	cutting_control	100
ERBB3-2	0.15	ES2	cutting_control	100
EZH2-1	0.02	ES2	cutting_control	100
EZH2-2	0.02	ES2	cutting_control	100
GLS-1	0.06	ES2	cutting_control	100
GLS-2	0.02	ES2	cutting_control	100
GPX4-1	0.0	ES2	cutting_control	100
GPX4-2	0.0	ES2	cutting_control	100
HIF1a-1	0.0	ES2	cutting_control	100
HIF1a-2	0.09	ES2	cutting_control	100
ITGAV-1	0.0	ES2	cutting_control	100
ITGAV-2	0.0	ES2	cutting_control	100
JAK3-1	0.06	ES2	cutting_control	100
JAK3-2	0.02	ES2	cutting_control	100
KIF11-1	0.0	ES2	cutting_control	100
KIF11-2	0.0	ES2	cutting_control	100
KRAS-1	0.14	ES2	cutting_control	100
KRAS-2A	0.35	ES2	cutting_control	100
KRAS-2B	0.07	ES2	cutting_control	100
LacZ-2	0.12	ES2	cutting_control	100
LacZ-3	0.06	ES2	cutting_control	100
Luc-1	0.09	ES2	cutting_control	100
Luc-2	0.0	ES2	cutting_control	100
MAPK1-1	0.0	ES2	cutting_control	100
MAPK1-2	0.0	ES2	cutting_control	100
MCL1-2	0.07	ES2	cutting_control	100
MCL1-5	0.03	ES2	cutting_control	100
MTOR-1	0.0	ES2	cutting_control	100
MTOR-2	0.0	ES2	cutting_control	100
MYC-1	0.0	ES2	cutting_control	100
MYC-2	0.0	ES2	cutting_control	100
ORC4-1	0.0	ES2	cutting_control	100
ORC4-2	0.24	ES2	cutting_control	100
PIK3CA-1	0.23	ES2	cutting_control	100
PIK3CA-2	0.16	ES2	cutting_control	100
POLR2D-1	0.0	ES2	cutting_control	100
POLR2D-2	0.0	ES2	cutting_control	100
PPIB-1	0.03	ES2	cutting_control	100
PPIB-2	0.0	ES2	cutting_control	100
PRDX1-1	0.37	ES2	cutting_control	100
PRDX1-2	0.31	ES2	cutting_control	100
PSMA1-1	0.0	ES2	cutting_control	100
PSMA1-2	0.0	ES2	cutting_control	100
PTK2-1	0.03	ES2	cutting_control	100
PTK2-2	0.02	ES2	cutting_control	100
RAC1-1	0.16	ES2	cutting_control	100
RAC1-2	0.11	ES2	cutting_control	100
RAF1-1	0.47	ES2	cutting_control	100
RAF1-2	0.56	ES2	cutting_control	100
RHOA-1	0.0	ES2	cutting_control	100
RHOA-2	0.0	ES2	cutting_control	100
SDHB-1	0.05	ES2	cutting_control	100
SDHB-2	0.09	ES2	cutting_control	100
SLC2A1-1	0.0	ES2	cutting_control	100
SLC2A2-2	0.0	ES2	cutting_control	100
SMARCB1-1	0.03	ES2	cutting_control	100
SMARCB1-2	0.0	ES2	cutting_control	100
STAT3-1	0.3	ES2	cutting_control	100
STAT3-2	0.13	ES2	cutting_control	100
SUZ12-1	0.0	ES2	cutting_control	100
SUZ12-2	0.0	ES2	cutting_control	100
TXN-1	0.07	ES2	cutting_control	100
TXN-2	0.1	ES2	cutting_control	100
XBP-1	0.05	ES2	cutting_control	100
XBP-2	0.08	ES2	cutting_control	100
YAP1-1	0.0	ES2	cutting_control	100
YAP1-2	0.0	ES2	cutting_control	100
AKT1-1	0.216	ES2	cutting_control	1000
AKT1-2	0.059	ES2	cutting_control	1000
ARID1B-1	0.089	ES2	cutting_control	1000
ARID1B-2	0.547	ES2	cutting_control	1000
ATF4-1	0.004	ES2	cutting_control	1000
ATF4-2	0.021	ES2	cutting_control	1000
ATP50-1	0.093	ES2	cutting_control	1000
ATP50-2	0.045	ES2	cutting_control	1000
AURKB-2	0.009	ES2	cutting_control	1000
BCL2-1	0.074	ES2	cutting_control	1000
BCL2-2	0.363	ES2	cutting_control	1000
BCL2L2-1	0.014	ES2	cutting_control	1000
BCL2L2-2	0.119	ES2	cutting_control	1000
BCL2L2-4	0.171	ES2	cutting_control	1000
BRAF-2	0.0	ES2	cutting_control	1000
BRAF1-1	0.0	ES2	cutting_control	1000
BRCA1-1	0.071	ES2	cutting_control	1000
BRCA1-2	0.14	ES2	cutting_control	1000
BRD4-1	0.028	ES2	cutting_control	1000
BRD4-2	0.0	ES2	cutting_control	1000
CCND1-1	0.0	ES2	cutting_control	1000
CCND1-2	0.0	ES2	cutting_control	1000
CCNE1-1	0.041	ES2	cutting_control	1000
CCNE1-2	0.044	ES2	cutting_control	1000
CDK2-1	0.003	ES2	cutting_control	1000
CDK2-2	0.0	ES2	cutting_control	1000
CDK4-1	0.0	ES2	cutting_control	1000
CDK4-2	0.0	ES2	cutting_control	1000
CDK4-3	0.0	ES2	cutting_control	1000
CHEK2-1	0.08	ES2	cutting_control	1000
CHEK2-2	0.282	ES2	cutting_control	1000
COX5B-1	0.395	ES2	cutting_control	1000
COX5B-2	0.114	ES2	cutting_control	1000
CSNK1A1-1	0.002	ES2	cutting_control	1000
CSNK1A1-2	0.001	ES2	cutting_control	1000
CTNNB1-1	0.0	ES2	cutting_control	1000
CTNNB1-2	0.055	ES2	cutting_control	1000
Chr2-1	0.033	ES2	cutting_control	1000
Chr2-2	0.258	ES2	cutting_control	1000
Chr2-3	0.05	ES2	cutting_control	1000
Chr2-4	0.995	ES2	cutting_control	1000
Chr2-5	0.605	ES2	cutting_control	1000
Chr2-6	0.343	ES2	cutting_control	1000
DOT1L-1	0.272	ES2	cutting_control	1000
DOT1L-2	0.106	ES2	cutting_control	1000
EGFR-1	0.217	ES2	cutting_control	1000
EGFR-2	0.054	ES2	cutting_control	1000
EGLN1-8	0.0	ES2	cutting_control	1000
EGLN1-9	0.0	ES2	cutting_control	1000
EMPTY	0.0	ES2	cutting_control	1000
ERBB2-1	0.061	ES2	cutting_control	1000
ERBB2-2	0.389	ES2	cutting_control	1000
ERBB3-1	0.077	ES2	cutting_control	1000
ERBB3-2	0.144	ES2	cutting_control	1000
EZH2-1	0.018	ES2	cutting_control	1000
EZH2-2	0.058	ES2	cutting_control	1000
GLS-1	0.109	ES2	cutting_control	1000
GLS-2	0.059	ES2	cutting_control	1000
GPX4-1	0.0	ES2	cutting_control	1000
GPX4-2	0.0	ES2	cutting_control	1000
HIF1a-1	0.044	ES2	cutting_control	1000
HIF1a-2	0.114	ES2	cutting_control	1000
ITGAV-1	0.0	ES2	cutting_control	1000
ITGAV-2	0.0	ES2	cutting_control	1000
JAK3-1	0.05	ES2	cutting_control	1000
JAK3-2	0.015	ES2	cutting_control	1000
KIF11-1	0.0	ES2	cutting_control	1000
KIF11-2	0.0	ES2	cutting_control	1000
KRAS-1	0.157	ES2	cutting_control	1000
KRAS-2A	0.278	ES2	cutting_control	1000
KRAS-2B	0.077	ES2	cutting_control	1000
LacZ-2	0.185	ES2	cutting_control	1000
LacZ-3	0.089	ES2	cutting_control	1000
Luc-1	0.117	ES2	cutting_control	1000
Luc-2	0.026	ES2	cutting_control	1000
MAPK1-1	0.0	ES2	cutting_control	1000
MAPK1-2	0.0	ES2	cutting_control	1000
MCL1-2	0.06	ES2	cutting_control	1000
MCL1-5	0.053	ES2	cutting_control	1000
MTOR-1	0.003	ES2	cutting_control	1000
MTOR-2	0.0	ES2	cutting_control	1000
MYC-1	0.0	ES2	cutting_control	1000
MYC-2	0.0	ES2	cutting_control	1000
ORC4-1	0.001	ES2	cutting_control	1000
ORC4-2	0.274	ES2	cutting_control	1000
PIK3CA-1	0.23	ES2	cutting_control	1000
PIK3CA-2	0.124	ES2	cutting_control	1000
POLR2D-1	0.0	ES2	cutting_control	1000
POLR2D-2	0.0	ES2	cutting_control	1000
PPIB-1	0.05	ES2	cutting_control	1000
PPIB-2	0.0	ES2	cutting_control	1000
PRDX1-1	0.314	ES2	cutting_control	1000
PRDX1-2	0.236	ES2	cutting_control	1000
PSMA1-1	0.0	ES2	cutting_control	1000
PSMA1-2	0.0	ES2	cutting_control	1000
PTK2-1	0.071	ES2	cutting_control	1000
PTK2-2	0.039	ES2	cutting_control	1000
RAC1-1	0.118	ES2	cutting_control	1000
RAC1-2	0.106	ES2	cutting_control	1000
RAF1-1	0.527	ES2	cutting_control	1000
RAF1-2	0.457	ES2	cutting_control	1000
RHOA-1	0.0	ES2	cutting_control	1000
RHOA-2	0.0	ES2	cutting_control	1000
SDHB-1	0.024	ES2	cutting_control	1000
SDHB-2	0.055	ES2	cutting_control	1000
SLC2A1-1	0.0	ES2	cutting_control	1000
SLC2A2-2	0.0	ES2	cutting_control	1000
SMARCB1-1	0.035	ES2	cutting_control	1000
SMARCB1-2	0.001	ES2	cutting_control	1000
STAT3-1	0.184	ES2	cutting_control	1000
STAT3-2	0.195	ES2	cutting_control	1000
SUZ12-1	0.005	ES2	cutting_control	1000
SUZ12-2	0.0	ES2	cutting_control	1000
TXN-1	0.067	ES2	cutting_control	1000
TXN-2	0.095	ES2	cutting_control	1000
XBP-1	0.049	ES2	cutting_control	1000
XBP-2	0.042	ES2	cutting_control	1000
YAP1-1	0.0	ES2	cutting_control	1000
YAP1-2	0.0	ES2	cutting_control	1000
AKT1-1	0.2126	ES2	cutting_control	5000
AKT1-2	0.063	ES2	cutting_control	5000
ARID1B-1	0.098	ES2	cutting_control	5000
ARID1B-2	0.5554	ES2	cutting_control	5000
ATF4-1	0.0018	ES2	cutting_control	5000
ATF4-2	0.0206	ES2	cutting_control	5000
ATP50-1	0.096	ES2	cutting_control	5000
ATP50-2	0.04	ES2	cutting_control	5000
AURKB-2	0.0046	ES2	cutting_control	5000
BCL2-1	0.0866	ES2	cutting_control	5000
BCL2-2	0.3884	ES2	cutting_control	5000
BCL2L2-1	0.0162	ES2	cutting_control	5000
BCL2L2-2	0.1184	ES2	cutting_control	5000
BCL2L2-4	0.1638	ES2	cutting_control	5000
BRAF-2	0.0	ES2	cutting_control	5000
BRAF1-1	0.0	ES2	cutting_control	5000
BRCA1-1	0.0696	ES2	cutting_control	5000
BRCA1-2	0.1204	ES2	cutting_control	5000
BRD4-1	0.0288	ES2	cutting_control	5000
BRD4-2	0.0	ES2	cutting_control	5000
CCND1-1	0.0	ES2	cutting_control	5000
CCND1-2	0.0	ES2	cutting_control	5000
CCNE1-1	0.0346	ES2	cutting_control	5000
CCNE1-2	0.0416	ES2	cutting_control	5000
CDK2-1	0.0026	ES2	cutting_control	5000
CDK2-2	0.0	ES2	cutting_control	5000
CDK4-1	0.0	ES2	cutting_control	5000
CDK4-2	0.0	ES2	cutting_control	5000
CDK4-3	0.0	ES2	cutting_control	5000
CHEK2-1	0.078	ES2	cutting_control	5000
CHEK2-2	0.289	ES2	cutting_control	5000
COX5B-1	0.3644	ES2	cutting_control	5000
COX5B-2	0.1066	ES2	cutting_control	5000
CSNK1A1-1	0.0008	ES2	cutting_control	5000
CSNK1A1-2	0.0022	ES2	cutting_control	5000
CTNNB1-1	0.0	ES2	cutting_control	5000
CTNNB1-2	0.0502	ES2	cutting_control	5000
Chr2-1	0.0282	ES2	cutting_control	5000
Chr2-2	0.2474	ES2	cutting_control	5000
Chr2-3	0.0468	ES2	cutting_control	5000
Chr2-4	0.99	ES2	cutting_control	5000
Chr2-5	0.5926	ES2	cutting_control	5000
Chr2-6	0.3824	ES2	cutting_control	5000
DOT1L-1	0.2606	ES2	cutting_control	5000
DOT1L-2	0.0956	ES2	cutting_control	5000
EGFR-1	0.2074	ES2	cutting_control	5000
EGFR-2	0.064	ES2	cutting_control	5000
EGLN1-8	0.0	ES2	cutting_control	5000
EGLN1-9	0.0	ES2	cutting_control	5000
EMPTY	0.0	ES2	cutting_control	5000
ERBB2-1	0.0742	ES2	cutting_control	5000
ERBB2-2	0.3952	ES2	cutting_control	5000
ERBB3-1	0.0718	ES2	cutting_control	5000
ERBB3-2	0.1472	ES2	cutting_control	5000
EZH2-1	0.019	ES2	cutting_control	5000
EZH2-2	0.0448	ES2	cutting_control	5000
GLS-1	0.1	ES2	cutting_control	5000
GLS-2	0.0452	ES2	cutting_control	5000
GPX4-1	0.0	ES2	cutting_control	5000
GPX4-2	0.0	ES2	cutting_control	5000
HIF1a-1	0.042	ES2	cutting_control	5000
HIF1a-2	0.1168	ES2	cutting_control	5000
ITGAV-1	0.0	ES2	cutting_control	5000
ITGAV-2	0.0	ES2	cutting_control	5000
JAK3-1	0.0456	ES2	cutting_control	5000
JAK3-2	0.0178	ES2	cutting_control	5000
KIF11-1	0.0	ES2	cutting_control	5000
KIF11-2	0.0	ES2	cutting_control	5000
KRAS-1	0.1298	ES2	cutting_control	5000
KRAS-2A	0.2664	ES2	cutting_control	5000
KRAS-2B	0.0886	ES2	cutting_control	5000
LacZ-2	0.1674	ES2	cutting_control	5000
LacZ-3	0.0884	ES2	cutting_control	5000
Luc-1	0.1266	ES2	cutting_control	5000
Luc-2	0.0256	ES2	cutting_control	5000
MAPK1-1	0.0	ES2	cutting_control	5000
MAPK1-2	0.0	ES2	cutting_control	5000
MCL1-2	0.0566	ES2	cutting_control	5000
MCL1-5	0.053	ES2	cutting_control	5000
MTOR-1	0.004	ES2	cutting_control	5000
MTOR-2	0.0004	ES2	cutting_control	5000
MYC-1	0.0	ES2	cutting_control	5000
MYC-2	0.0	ES2	cutting_control	5000
ORC4-1	0.0022	ES2	cutting_control	5000
ORC4-2	0.2856	ES2	cutting_control	5000
PIK3CA-1	0.1912	ES2	cutting_control	5000
PIK3CA-2	0.1296	ES2	cutting_control	5000
POLR2D-1	0.0	ES2	cutting_control	5000
POLR2D-2	0.0	ES2	cutting_control	5000
PPIB-1	0.0498	ES2	cutting_control	5000
PPIB-2	0.0	ES2	cutting_control	5000
PRDX1-1	0.324	ES2	cutting_control	5000
PRDX1-2	0.2454	ES2	cutting_control	5000
PSMA1-1	0.0	ES2	cutting_control	5000
PSMA1-2	0.0	ES2	cutting_control	5000
PTK2-1	0.0684	ES2	cutting_control	5000
PTK2-2	0.035	ES2	cutting_control	5000
RAC1-1	0.1164	ES2	cutting_control	5000
RAC1-2	0.1042	ES2	cutting_control	5000
RAF1-1	0.526	ES2	cutting_control	5000
RAF1-2	0.462	ES2	cutting_control	5000
RHOA-1	0.0	ES2	cutting_control	5000
RHOA-2	0.0	ES2	cutting_control	5000
SDHB-1	0.0356	ES2	cutting_control	5000
SDHB-2	0.0664	ES2	cutting_control	5000
SLC2A1-1	0.0	ES2	cutting_control	5000
SLC2A2-2	0.0	ES2	cutting_control	5000
SMARCB1-1	0.0338	ES2	cutting_control	5000
SMARCB1-2	0.0016	ES2	cutting_control	5000
STAT3-1	0.1928	ES2	cutting_control	5000
STAT3-2	0.2064	ES2	cutting_control	5000
SUZ12-1	0.0038	ES2	cutting_control	5000
SUZ12-2	0.0004	ES2	cutting_control	5000
TXN-1	0.0732	ES2	cutting_control	5000
TXN-2	0.0726	ES2	cutting_control	5000
XBP-1	0.0392	ES2	cutting_control	5000
XBP-2	0.0376	ES2	cutting_control	5000
YAP1-1	0.0	ES2	cutting_control	5000
YAP1-2	0.0	ES2	cutting_control	5000
