perturbation	group	grit	cell_line	barcode_control	cor_method
AKT1-1	AKT1	0.3797267584746664	ES2	cutting_control	pearson
AKT1-2	AKT1	0.3426104111522868	ES2	cutting_control	pearson
ARID1B-1	ARID1B	0.26836174591826906	ES2	cutting_control	pearson
ARID1B-2	ARID1B	0.3340050033030291	ES2	cutting_control	pearson
ATF4-1	ATF4	0.9995487435266575	ES2	cutting_control	pearson
ATF4-2	ATF4	0.7502973511423349	ES2	cutting_control	pearson
ATP50-1	ATP50	-0.03592752449023198	ES2	cutting_control	pearson
ATP50-2	ATP50	0.09321517155908426	ES2	cutting_control	pearson
AURKB-2	AURKB		ES2	cutting_control	pearson
BCL2-1	BCL2	-0.09263394911511641	ES2	cutting_control	pearson
BCL2-2	BCL2	-0.13251279884585448	ES2	cutting_control	pearson
BCL2L2-1	BCL2L2	-0.00846755739091669	ES2	cutting_control	pearson
BCL2L2-2	BCL2L2	0.07002964146026815	ES2	cutting_control	pearson
BCL2L2-4	BCL2L2	0.17324846045648112	ES2	cutting_control	pearson
BRAF-2	BRAF		ES2	cutting_control	pearson
BRAF1-1	BRAF1		ES2	cutting_control	pearson
BRCA1-1	BRCA1	0.2777970882070935	ES2	cutting_control	pearson
BRCA1-2	BRCA1	0.27966854307442035	ES2	cutting_control	pearson
BRD4-1	BRD4	1.1656604410282172	ES2	cutting_control	pearson
BRD4-2	BRD4	1.3458508382394478	ES2	cutting_control	pearson
CCND1-1	CCND1	3.0048110220015656	ES2	cutting_control	pearson
CCND1-2	CCND1	3.7402559507744773	ES2	cutting_control	pearson
CCNE1-1	CCNE1	0.8514430870027493	ES2	cutting_control	pearson
CCNE1-2	CCNE1	0.9448168782453656	ES2	cutting_control	pearson
CDK2-1	CDK2	2.083812035369465	ES2	cutting_control	pearson
CDK2-2	CDK2	2.1252455219690543	ES2	cutting_control	pearson
CDK4-1	CDK4	3.238084475370469	ES2	cutting_control	pearson
CDK4-2	CDK4	3.4637188194790354	ES2	cutting_control	pearson
CDK4-3	CDK4	3.3269957377485095	ES2	cutting_control	pearson
CHEK2-1	CHEK2	0.8431097128911499	ES2	cutting_control	pearson
CHEK2-2	CHEK2	0.7186896098054836	ES2	cutting_control	pearson
COX5B-1	COX5B	0.17803249780002905	ES2	cutting_control	pearson
COX5B-2	COX5B	0.10767187540074213	ES2	cutting_control	pearson
CSNK1A1-1	CSNK1A1	0.9655248195065143	ES2	cutting_control	pearson
CSNK1A1-2	CSNK1A1	0.932451296886652	ES2	cutting_control	pearson
CTNNB1-1	CTNNB1	0.8425956338884932	ES2	cutting_control	pearson
CTNNB1-2	CTNNB1	0.8117411036849663	ES2	cutting_control	pearson
Chr2-1	Chr2	-0.057683677917607104	ES2	cutting_control	pearson
Chr2-2	Chr2	-0.02942595917134585	ES2	cutting_control	pearson
Chr2-3	Chr2	0.008440336763052772	ES2	cutting_control	pearson
Chr2-4	Chr2	-0.021922809385738023	ES2	cutting_control	pearson
Chr2-5	Chr2	-0.0027967219064951366	ES2	cutting_control	pearson
Chr2-6	Chr2	0.009722240723914737	ES2	cutting_control	pearson
DOT1L-1	DOT1L	1.0312257564528255	ES2	cutting_control	pearson
DOT1L-2	DOT1L	1.030229276929621	ES2	cutting_control	pearson
EGFR-1	EGFR	0.6953802668029071	ES2	cutting_control	pearson
EGFR-2	EGFR	1.0242261597470763	ES2	cutting_control	pearson
EGLN1-8	EGLN1	2.467441215174391	ES2	cutting_control	pearson
EGLN1-9	EGLN1	2.3134308572720195	ES2	cutting_control	pearson
EMPTY	EMPTY		ES2	cutting_control	pearson
ERBB2-1	ERBB2	0.7861473742306028	ES2	cutting_control	pearson
ERBB2-2	ERBB2	0.8986070445164527	ES2	cutting_control	pearson
ERBB3-1	ERBB3	0.406807636383933	ES2	cutting_control	pearson
ERBB3-2	ERBB3	0.40105503292806527	ES2	cutting_control	pearson
EZH2-1	EZH2	1.4319970897229597	ES2	cutting_control	pearson
EZH2-2	EZH2	1.5036070871364897	ES2	cutting_control	pearson
GLS-1	GLS	0.6622794300809433	ES2	cutting_control	pearson
GLS-2	GLS	0.7296872208712784	ES2	cutting_control	pearson
GPX4-1	GPX4	3.30428875216806	ES2	cutting_control	pearson
GPX4-2	GPX4	3.013061142194338	ES2	cutting_control	pearson
HIF1a-1	HIF1a	0.9567396988265171	ES2	cutting_control	pearson
HIF1a-2	HIF1a	0.9226883891313664	ES2	cutting_control	pearson
ITGAV-1	ITGAV	2.914527084114442	ES2	cutting_control	pearson
ITGAV-2	ITGAV	3.1850102727539924	ES2	cutting_control	pearson
JAK3-1	JAK3	0.08371086899580797	ES2	cutting_control	pearson
JAK3-2	JAK3	0.01517284066218118	ES2	cutting_control	pearson
KIF11-1	KIF11	1.7433379053855182	ES2	cutting_control	pearson
KIF11-2	KIF11	2.240450496234005	ES2	cutting_control	pearson
KRAS-1	KRAS	0.38465737691558816	ES2	cutting_control	pearson
KRAS-2A	KRAS	0.4253132591001757	ES2	cutting_control	pearson
KRAS-2B	KRAS	0.32587681156466025	ES2	cutting_control	pearson
LacZ-2	LacZ	0.15884835057341629	ES2	cutting_control	pearson
LacZ-3	LacZ	0.1902967776708621	ES2	cutting_control	pearson
Luc-1	Luc	0.36454430525399206	ES2	cutting_control	pearson
Luc-2	Luc	0.42002542338623683	ES2	cutting_control	pearson
MAPK1-1	MAPK1	2.8988880644452286	ES2	cutting_control	pearson
MAPK1-2	MAPK1	2.815505156922607	ES2	cutting_control	pearson
MCL1-2	MCL1	0.4959180718427237	ES2	cutting_control	pearson
MCL1-5	MCL1	0.5444931963155087	ES2	cutting_control	pearson
MTOR-1	MTOR	1.56903065765682	ES2	cutting_control	pearson
MTOR-2	MTOR	1.5915800191033098	ES2	cutting_control	pearson
MYC-1	MYC	3.653766759563103	ES2	cutting_control	pearson
MYC-2	MYC	3.442769675947348	ES2	cutting_control	pearson
ORC4-1	ORC4	-0.016926418405032888	ES2	cutting_control	pearson
ORC4-2	ORC4	-0.02109639484587557	ES2	cutting_control	pearson
PIK3CA-1	PIK3CA	0.5454093666706046	ES2	cutting_control	pearson
PIK3CA-2	PIK3CA	0.6550156531535253	ES2	cutting_control	pearson
POLR2D-1	POLR2D	2.849442377106673	ES2	cutting_control	pearson
POLR2D-2	POLR2D	2.696286355933097	ES2	cutting_control	pearson
PPIB-1	PPIB	0.03956218113518403	ES2	cutting_control	pearson
PPIB-2	PPIB	0.06606312996212542	ES2	cutting_control	pearson
PRDX1-1	PRDX1	0.37265864328091297	ES2	cutting_control	pearson
PRDX1-2	PRDX1	0.3921637246821874	ES2	cutting_control	pearson
PSMA1-1	PSMA1	2.818443702571026	ES2	cutting_control	pearson
PSMA1-2	PSMA1	2.91414227811283	ES2	cutting_control	pearson
PTK2-1	PTK2	1.603048437659686	ES2	cutting_control	pearson
PTK2-2	PTK2	1.4412905885738747	ES2	cutting_control	pearson
RAC1-1	RAC1	0.5244806377479023	ES2	cutting_control	pearson
RAC1-2	RAC1	0.571923859479937	ES2	cutting_control	pearson
RAF1-1	RAF1	0.7943405861364297	ES2	cutting_control	pearson
RAF1-2	RAF1	0.7138232036469839	ES2	cutting_control	pearson
RHOA-1	RHOA	2.733009761017902	ES2	cutting_control	pearson
RHOA-2	RHOA	3.0775356207804663	ES2	cutting_control	pearson
SDHB-1	SDHB	1.2118473198686077	ES2	cutting_control	pearson
SDHB-2	SDHB	1.1394453802518845	ES2	cutting_control	pearson
SLC2A1-1	SLC2A1		ES2	cutting_control	pearson
SLC2A2-2	SLC2A2		ES2	cutting_control	pearson
SMARCB1-1	SMARCB1	0.6375741172799922	ES2	cutting_control	pearson
SMARCB1-2	SMARCB1	0.5879173934058978	ES2	cutting_control	pearson
STAT3-1	STAT3	0.3040866817358789	ES2	cutting_control	pearson
STAT3-2	STAT3	0.31591639273089933	ES2	cutting_control	pearson
SUZ12-1	SUZ12	0.6491156977395293	ES2	cutting_control	pearson
SUZ12-2	SUZ12	0.8708853484249477	ES2	cutting_control	pearson
TXN-1	TXN	0.8457107787379831	ES2	cutting_control	pearson
TXN-2	TXN	0.7660616571612663	ES2	cutting_control	pearson
XBP-1	XBP	1.023813409401907	ES2	cutting_control	pearson
XBP-2	XBP	1.1642292195907684	ES2	cutting_control	pearson
YAP1-1	YAP1	2.0963653161387197	ES2	cutting_control	pearson
YAP1-2	YAP1	2.159719362956571	ES2	cutting_control	pearson
AKT1-1	AKT1	0.33953297585845277	ES2	cutting_control	spearman
AKT1-2	AKT1	0.29214109918949743	ES2	cutting_control	spearman
ARID1B-1	ARID1B	0.2479862683670837	ES2	cutting_control	spearman
ARID1B-2	ARID1B	0.31481965479839213	ES2	cutting_control	spearman
ATF4-1	ATF4	0.9491611124117119	ES2	cutting_control	spearman
ATF4-2	ATF4	0.697762047689411	ES2	cutting_control	spearman
ATP50-1	ATP50	-0.055325268927328364	ES2	cutting_control	spearman
ATP50-2	ATP50	0.08376198801516337	ES2	cutting_control	spearman
AURKB-2	AURKB		ES2	cutting_control	spearman
BCL2-1	BCL2	-0.1114574460730518	ES2	cutting_control	spearman
BCL2-2	BCL2	-0.14649053767962533	ES2	cutting_control	spearman
BCL2L2-1	BCL2L2	-0.03704355872632601	ES2	cutting_control	spearman
BCL2L2-2	BCL2L2	0.06729631058074098	ES2	cutting_control	spearman
BCL2L2-4	BCL2L2	0.1883218003468646	ES2	cutting_control	spearman
BRAF-2	BRAF		ES2	cutting_control	spearman
BRAF1-1	BRAF1		ES2	cutting_control	spearman
BRCA1-1	BRCA1	0.2682088709843826	ES2	cutting_control	spearman
BRCA1-2	BRCA1	0.2652220157023918	ES2	cutting_control	spearman
BRD4-1	BRD4	1.0677813376216962	ES2	cutting_control	spearman
BRD4-2	BRD4	1.2859354195898733	ES2	cutting_control	spearman
CCND1-1	CCND1	2.880207621069018	ES2	cutting_control	spearman
CCND1-2	CCND1	3.6474189595918896	ES2	cutting_control	spearman
CCNE1-1	CCNE1	0.8116568140551481	ES2	cutting_control	spearman
CCNE1-2	CCNE1	0.9026349433247112	ES2	cutting_control	spearman
CDK2-1	CDK2	1.9435374246234385	ES2	cutting_control	spearman
CDK2-2	CDK2	2.016005798498121	ES2	cutting_control	spearman
CDK4-1	CDK4	3.082656723353423	ES2	cutting_control	spearman
CDK4-2	CDK4	3.331011116577979	ES2	cutting_control	spearman
CDK4-3	CDK4	3.153607276868225	ES2	cutting_control	spearman
CHEK2-1	CHEK2	0.8293507887222101	ES2	cutting_control	spearman
CHEK2-2	CHEK2	0.7127799468232764	ES2	cutting_control	spearman
COX5B-1	COX5B	0.20070007027255318	ES2	cutting_control	spearman
COX5B-2	COX5B	0.14750685260230015	ES2	cutting_control	spearman
CSNK1A1-1	CSNK1A1	0.9750336702152745	ES2	cutting_control	spearman
CSNK1A1-2	CSNK1A1	0.9897298022673806	ES2	cutting_control	spearman
CTNNB1-1	CTNNB1	0.8972802759650528	ES2	cutting_control	spearman
CTNNB1-2	CTNNB1	0.8134494198047182	ES2	cutting_control	spearman
Chr2-1	Chr2	-0.05050567832133363	ES2	cutting_control	spearman
Chr2-2	Chr2	-0.027649439851407002	ES2	cutting_control	spearman
Chr2-3	Chr2	0.0070786063506303575	ES2	cutting_control	spearman
Chr2-4	Chr2	-0.026529369164776138	ES2	cutting_control	spearman
Chr2-5	Chr2	-0.007230763008735202	ES2	cutting_control	spearman
Chr2-6	Chr2	0.006491685309800531	ES2	cutting_control	spearman
DOT1L-1	DOT1L	1.04952380967185	ES2	cutting_control	spearman
DOT1L-2	DOT1L	1.066300329188285	ES2	cutting_control	spearman
EGFR-1	EGFR	0.6945935297449153	ES2	cutting_control	spearman
EGFR-2	EGFR	1.0036121266332796	ES2	cutting_control	spearman
EGLN1-8	EGLN1	2.3308334644432636	ES2	cutting_control	spearman
EGLN1-9	EGLN1	2.13658596753349	ES2	cutting_control	spearman
EMPTY	EMPTY		ES2	cutting_control	spearman
ERBB2-1	ERBB2	0.7754632772769043	ES2	cutting_control	spearman
ERBB2-2	ERBB2	0.8815133021368031	ES2	cutting_control	spearman
ERBB3-1	ERBB3	0.4122578000554056	ES2	cutting_control	spearman
ERBB3-2	ERBB3	0.4073903208545867	ES2	cutting_control	spearman
EZH2-1	EZH2	1.3747952735709104	ES2	cutting_control	spearman
EZH2-2	EZH2	1.4531457761149054	ES2	cutting_control	spearman
GLS-1	GLS	0.6038901041332871	ES2	cutting_control	spearman
GLS-2	GLS	0.6725158519596616	ES2	cutting_control	spearman
GPX4-1	GPX4	3.2025496481996663	ES2	cutting_control	spearman
GPX4-2	GPX4	2.9120495797249486	ES2	cutting_control	spearman
HIF1a-1	HIF1a	0.8922000058619065	ES2	cutting_control	spearman
HIF1a-2	HIF1a	0.8693662947932123	ES2	cutting_control	spearman
ITGAV-1	ITGAV	2.7709228313709633	ES2	cutting_control	spearman
ITGAV-2	ITGAV	3.001783555881564	ES2	cutting_control	spearman
JAK3-1	JAK3	0.10064286762538187	ES2	cutting_control	spearman
JAK3-2	JAK3	0.05784913697569966	ES2	cutting_control	spearman
KIF11-1	KIF11	1.7126318957834983	ES2	cutting_control	spearman
KIF11-2	KIF11	2.2046900133633773	ES2	cutting_control	spearman
KRAS-1	KRAS	0.3738621144499038	ES2	cutting_control	spearman
KRAS-2A	KRAS	0.3814371839305644	ES2	cutting_control	spearman
KRAS-2B	KRAS	0.276681283998944	ES2	cutting_control	spearman
LacZ-2	LacZ	0.1261979121426826	ES2	cutting_control	spearman
LacZ-3	LacZ	0.17912575842177147	ES2	cutting_control	spearman
Luc-1	Luc	0.4020516840854841	ES2	cutting_control	spearman
Luc-2	Luc	0.4639651278590017	ES2	cutting_control	spearman
MAPK1-1	MAPK1	2.72365737352048	ES2	cutting_control	spearman
MAPK1-2	MAPK1	2.6506706796073614	ES2	cutting_control	spearman
MCL1-2	MCL1	0.5158855875688644	ES2	cutting_control	spearman
MCL1-5	MCL1	0.5904887376554443	ES2	cutting_control	spearman
MTOR-1	MTOR	1.4742884097012101	ES2	cutting_control	spearman
MTOR-2	MTOR	1.5020997521949042	ES2	cutting_control	spearman
MYC-1	MYC	3.551628761657331	ES2	cutting_control	spearman
MYC-2	MYC	3.3166968431238137	ES2	cutting_control	spearman
ORC4-1	ORC4	-0.016520744499864445	ES2	cutting_control	spearman
ORC4-2	ORC4	-0.03142895785183328	ES2	cutting_control	spearman
PIK3CA-1	PIK3CA	0.5134207522952707	ES2	cutting_control	spearman
PIK3CA-2	PIK3CA	0.613837357762341	ES2	cutting_control	spearman
POLR2D-1	POLR2D	2.591126598954416	ES2	cutting_control	spearman
POLR2D-2	POLR2D	2.5052460730284265	ES2	cutting_control	spearman
PPIB-1	PPIB	0.02344288198383752	ES2	cutting_control	spearman
PPIB-2	PPIB	0.050407426687978034	ES2	cutting_control	spearman
PRDX1-1	PRDX1	0.37799942483008653	ES2	cutting_control	spearman
PRDX1-2	PRDX1	0.4009503049391719	ES2	cutting_control	spearman
PSMA1-1	PSMA1	2.787620672837823	ES2	cutting_control	spearman
PSMA1-2	PSMA1	2.8740452922519464	ES2	cutting_control	spearman
PTK2-1	PTK2	1.5429946014073914	ES2	cutting_control	spearman
PTK2-2	PTK2	1.4079842262056343	ES2	cutting_control	spearman
RAC1-1	RAC1	0.5148181459057957	ES2	cutting_control	spearman
RAC1-2	RAC1	0.5833043939789081	ES2	cutting_control	spearman
RAF1-1	RAF1	0.7892075244714036	ES2	cutting_control	spearman
RAF1-2	RAF1	0.7041758306653622	ES2	cutting_control	spearman
RHOA-1	RHOA	2.6274864902731014	ES2	cutting_control	spearman
RHOA-2	RHOA	2.9672245179732424	ES2	cutting_control	spearman
SDHB-1	SDHB	1.1800751502750928	ES2	cutting_control	spearman
SDHB-2	SDHB	1.1087968780227144	ES2	cutting_control	spearman
SLC2A1-1	SLC2A1		ES2	cutting_control	spearman
SLC2A2-2	SLC2A2		ES2	cutting_control	spearman
SMARCB1-1	SMARCB1	0.6185907828825123	ES2	cutting_control	spearman
SMARCB1-2	SMARCB1	0.5543568849340863	ES2	cutting_control	spearman
STAT3-1	STAT3	0.32138097861384357	ES2	cutting_control	spearman
STAT3-2	STAT3	0.3344003784270138	ES2	cutting_control	spearman
SUZ12-1	SUZ12	0.5458078640214992	ES2	cutting_control	spearman
SUZ12-2	SUZ12	0.749693822646251	ES2	cutting_control	spearman
TXN-1	TXN	0.843967109481822	ES2	cutting_control	spearman
TXN-2	TXN	0.7687659816196475	ES2	cutting_control	spearman
XBP-1	XBP	0.9862971862490676	ES2	cutting_control	spearman
XBP-2	XBP	1.1201122885782175	ES2	cutting_control	spearman
YAP1-1	YAP1	2.200489043901821	ES2	cutting_control	spearman
YAP1-2	YAP1	2.1442475755859167	ES2	cutting_control	spearman
AKT1-1	AKT1	0.34880064568811053	ES2	perturbation_control	pearson
AKT1-2	AKT1	0.07976701172660085	ES2	perturbation_control	pearson
ARID1B-1	ARID1B	0.5246105416406198	ES2	perturbation_control	pearson
ARID1B-2	ARID1B	0.3862384878871632	ES2	perturbation_control	pearson
ATF4-1	ATF4	1.1780181500162508	ES2	perturbation_control	pearson
ATF4-2	ATF4	0.9160555713862095	ES2	perturbation_control	pearson
ATP50-1	ATP50	-0.08846854413020327	ES2	perturbation_control	pearson
ATP50-2	ATP50	0.3060617685375393	ES2	perturbation_control	pearson
AURKB-2	AURKB		ES2	perturbation_control	pearson
BCL2-1	BCL2	0.025473975147470795	ES2	perturbation_control	pearson
BCL2-2	BCL2	-0.24010190688141878	ES2	perturbation_control	pearson
BCL2L2-1	BCL2L2	-0.2167743408458286	ES2	perturbation_control	pearson
BCL2L2-2	BCL2L2	0.02542280831734249	ES2	perturbation_control	pearson
BCL2L2-4	BCL2L2	0.06319800834363122	ES2	perturbation_control	pearson
BRAF-2	BRAF		ES2	perturbation_control	pearson
BRAF1-1	BRAF1		ES2	perturbation_control	pearson
BRCA1-1	BRCA1	0.5660654814378948	ES2	perturbation_control	pearson
BRCA1-2	BRCA1	0.21092680858645257	ES2	perturbation_control	pearson
BRD4-1	BRD4	1.1072869300912163	ES2	perturbation_control	pearson
BRD4-2	BRD4	1.2441045219407094	ES2	perturbation_control	pearson
CCND1-1	CCND1	2.984813356923727	ES2	perturbation_control	pearson
CCND1-2	CCND1	3.01694263434913	ES2	perturbation_control	pearson
CCNE1-1	CCNE1	0.7616772117012772	ES2	perturbation_control	pearson
CCNE1-2	CCNE1	0.9658498941270666	ES2	perturbation_control	pearson
CDK2-1	CDK2	2.024195120397164	ES2	perturbation_control	pearson
CDK2-2	CDK2	1.8694807885002487	ES2	perturbation_control	pearson
CDK4-1	CDK4	2.9248561738904386	ES2	perturbation_control	pearson
CDK4-2	CDK4	3.079406403137156	ES2	perturbation_control	pearson
CDK4-3	CDK4	2.9921840178977193	ES2	perturbation_control	pearson
CHEK2-1	CHEK2	0.4469940863291616	ES2	perturbation_control	pearson
CHEK2-2	CHEK2	0.5196985616763259	ES2	perturbation_control	pearson
COX5B-1	COX5B	0.054481501849307196	ES2	perturbation_control	pearson
COX5B-2	COX5B	0.020000753779428608	ES2	perturbation_control	pearson
CSNK1A1-1	CSNK1A1	0.7536821930655718	ES2	perturbation_control	pearson
CSNK1A1-2	CSNK1A1	0.7333449586124626	ES2	perturbation_control	pearson
CTNNB1-1	CTNNB1	1.120665450609861	ES2	perturbation_control	pearson
CTNNB1-2	CTNNB1	0.9453628067699307	ES2	perturbation_control	pearson
Chr2-1	Chr2	0.048405977297115745	ES2	perturbation_control	pearson
Chr2-2	Chr2	-0.10458464823790818	ES2	perturbation_control	pearson
Chr2-3	Chr2	0.30597536142530013	ES2	perturbation_control	pearson
Chr2-4	Chr2	0.033948412924449854	ES2	perturbation_control	pearson
Chr2-5	Chr2	0.01838818172287064	ES2	perturbation_control	pearson
Chr2-6	Chr2	0.21010127897349345	ES2	perturbation_control	pearson
DOT1L-1	DOT1L	1.2831769073754375	ES2	perturbation_control	pearson
DOT1L-2	DOT1L	1.1479188169506904	ES2	perturbation_control	pearson
EGFR-1	EGFR	0.8758058351665218	ES2	perturbation_control	pearson
EGFR-2	EGFR	1.2312096921225824	ES2	perturbation_control	pearson
EGLN1-8	EGLN1	2.922998759171791	ES2	perturbation_control	pearson
EGLN1-9	EGLN1	3.3255411285486867	ES2	perturbation_control	pearson
EMPTY	EMPTY		ES2	perturbation_control	pearson
ERBB2-1	ERBB2	0.9761016378647539	ES2	perturbation_control	pearson
ERBB2-2	ERBB2	1.3238432913532572	ES2	perturbation_control	pearson
ERBB3-1	ERBB3	0.4581221050602859	ES2	perturbation_control	pearson
ERBB3-2	ERBB3	0.5602126200945591	ES2	perturbation_control	pearson
EZH2-1	EZH2	1.3242326952402157	ES2	perturbation_control	pearson
EZH2-2	EZH2	1.3811936657969257	ES2	perturbation_control	pearson
GLS-1	GLS	0.6416264042288777	ES2	perturbation_control	pearson
GLS-2	GLS	0.8865678775939282	ES2	perturbation_control	pearson
GPX4-1	GPX4	4.300530991185023	ES2	perturbation_control	pearson
GPX4-2	GPX4	3.9402481991540412	ES2	perturbation_control	pearson
HIF1a-1	HIF1a	0.9076318337561204	ES2	perturbation_control	pearson
HIF1a-2	HIF1a	0.819502862016542	ES2	perturbation_control	pearson
ITGAV-1	ITGAV	3.5597451955218324	ES2	perturbation_control	pearson
ITGAV-2	ITGAV	3.7327014183932	ES2	perturbation_control	pearson
JAK3-1	JAK3	-0.03881714588868582	ES2	perturbation_control	pearson
JAK3-2	JAK3	-0.14241198852260623	ES2	perturbation_control	pearson
KIF11-1	KIF11	1.867928473055465	ES2	perturbation_control	pearson
KIF11-2	KIF11	2.255146010358107	ES2	perturbation_control	pearson
KRAS-1	KRAS	0.11927564604126108	ES2	perturbation_control	pearson
KRAS-2A	KRAS	0.26941404399606433	ES2	perturbation_control	pearson
KRAS-2B	KRAS	0.11329891700003997	ES2	perturbation_control	pearson
LacZ-2	LacZ	0.05261999010288874	ES2	perturbation_control	pearson
LacZ-3	LacZ	-0.08395686478522815	ES2	perturbation_control	pearson
Luc-1	Luc	0.3763918713996402	ES2	perturbation_control	pearson
Luc-2	Luc	0.334199796764474	ES2	perturbation_control	pearson
MAPK1-1	MAPK1	2.901812333426037	ES2	perturbation_control	pearson
MAPK1-2	MAPK1	2.905221618289728	ES2	perturbation_control	pearson
MCL1-2	MCL1	0.19540782390082237	ES2	perturbation_control	pearson
MCL1-5	MCL1	0.17156685052087603	ES2	perturbation_control	pearson
MTOR-1	MTOR	1.6382299730386025	ES2	perturbation_control	pearson
MTOR-2	MTOR	1.4217628223600383	ES2	perturbation_control	pearson
MYC-1	MYC	4.041360958593395	ES2	perturbation_control	pearson
MYC-2	MYC	3.6899943957190664	ES2	perturbation_control	pearson
ORC4-1	ORC4	0.09076128652460408	ES2	perturbation_control	pearson
ORC4-2	ORC4	0.09959908224016353	ES2	perturbation_control	pearson
PIK3CA-1	PIK3CA	0.647480261651491	ES2	perturbation_control	pearson
PIK3CA-2	PIK3CA	0.7378113209897553	ES2	perturbation_control	pearson
POLR2D-1	POLR2D	3.3289846558648626	ES2	perturbation_control	pearson
POLR2D-2	POLR2D	3.082804619457217	ES2	perturbation_control	pearson
PPIB-1	PPIB	0.05504924906390775	ES2	perturbation_control	pearson
PPIB-2	PPIB	0.003183501577055802	ES2	perturbation_control	pearson
PRDX1-1	PRDX1	0.3568777429654914	ES2	perturbation_control	pearson
PRDX1-2	PRDX1	0.48399246733512213	ES2	perturbation_control	pearson
PSMA1-1	PSMA1	3.410006742001146	ES2	perturbation_control	pearson
PSMA1-2	PSMA1	3.6107837927815516	ES2	perturbation_control	pearson
PTK2-1	PTK2	1.8221132570000131	ES2	perturbation_control	pearson
PTK2-2	PTK2	1.6844984002478327	ES2	perturbation_control	pearson
RAC1-1	RAC1	0.6253115827071289	ES2	perturbation_control	pearson
RAC1-2	RAC1	0.45952841478727346	ES2	perturbation_control	pearson
RAF1-1	RAF1	0.9678474736173405	ES2	perturbation_control	pearson
RAF1-2	RAF1	0.7546047061752229	ES2	perturbation_control	pearson
RHOA-1	RHOA	3.084219352260982	ES2	perturbation_control	pearson
RHOA-2	RHOA	3.2342951401190243	ES2	perturbation_control	pearson
SDHB-1	SDHB	0.8911521823527008	ES2	perturbation_control	pearson
SDHB-2	SDHB	0.9274227690503763	ES2	perturbation_control	pearson
SLC2A1-1	SLC2A1		ES2	perturbation_control	pearson
SLC2A2-2	SLC2A2		ES2	perturbation_control	pearson
SMARCB1-1	SMARCB1	0.595859143498723	ES2	perturbation_control	pearson
SMARCB1-2	SMARCB1	0.7336028946671418	ES2	perturbation_control	pearson
STAT3-1	STAT3	0.3812263221377059	ES2	perturbation_control	pearson
STAT3-2	STAT3	0.47002034711984586	ES2	perturbation_control	pearson
SUZ12-1	SUZ12	0.620262137902508	ES2	perturbation_control	pearson
SUZ12-2	SUZ12	0.9861852762783561	ES2	perturbation_control	pearson
TXN-1	TXN	0.887616207693953	ES2	perturbation_control	pearson
TXN-2	TXN	0.7760061058257365	ES2	perturbation_control	pearson
XBP-1	XBP	0.9306121898685681	ES2	perturbation_control	pearson
XBP-2	XBP	1.1274361348601027	ES2	perturbation_control	pearson
YAP1-1	YAP1	2.3789056741989865	ES2	perturbation_control	pearson
YAP1-2	YAP1	2.9329937450573516	ES2	perturbation_control	pearson
AKT1-1	AKT1	0.3224696397425383	ES2	perturbation_control	spearman
AKT1-2	AKT1	0.030330698448835527	ES2	perturbation_control	spearman
ARID1B-1	ARID1B	0.5148253326223694	ES2	perturbation_control	spearman
ARID1B-2	ARID1B	0.37389055866075527	ES2	perturbation_control	spearman
ATF4-1	ATF4	1.1392487212120859	ES2	perturbation_control	spearman
ATF4-2	ATF4	0.8467396930063916	ES2	perturbation_control	spearman
ATP50-1	ATP50	-0.10366355722642395	ES2	perturbation_control	spearman
ATP50-2	ATP50	0.298712326356682	ES2	perturbation_control	spearman
AURKB-2	AURKB		ES2	perturbation_control	spearman
BCL2-1	BCL2	0.016691676562676575	ES2	perturbation_control	spearman
BCL2-2	BCL2	-0.26704680661644176	ES2	perturbation_control	spearman
BCL2L2-1	BCL2L2	-0.26334733799572296	ES2	perturbation_control	spearman
BCL2L2-2	BCL2L2	0.024867584156301952	ES2	perturbation_control	spearman
BCL2L2-4	BCL2L2	0.09143052414761162	ES2	perturbation_control	spearman
BRAF-2	BRAF		ES2	perturbation_control	spearman
BRAF1-1	BRAF1		ES2	perturbation_control	spearman
BRCA1-1	BRCA1	0.5625847917001272	ES2	perturbation_control	spearman
BRCA1-2	BRCA1	0.18703825829750015	ES2	perturbation_control	spearman
BRD4-1	BRD4	1.0294177398185644	ES2	perturbation_control	spearman
BRD4-2	BRD4	1.2365248504334252	ES2	perturbation_control	spearman
CCND1-1	CCND1	2.8694986231834925	ES2	perturbation_control	spearman
CCND1-2	CCND1	2.992704183289578	ES2	perturbation_control	spearman
CCNE1-1	CCNE1	0.7345227367008734	ES2	perturbation_control	spearman
CCNE1-2	CCNE1	0.9365569396825921	ES2	perturbation_control	spearman
CDK2-1	CDK2	1.8900316761772156	ES2	perturbation_control	spearman
CDK2-2	CDK2	1.7908037313986738	ES2	perturbation_control	spearman
CDK4-1	CDK4	2.865422240383997	ES2	perturbation_control	spearman
CDK4-2	CDK4	3.0518925732885083	ES2	perturbation_control	spearman
CDK4-3	CDK4	2.9306353886489154	ES2	perturbation_control	spearman
CHEK2-1	CHEK2	0.42360332407452317	ES2	perturbation_control	spearman
CHEK2-2	CHEK2	0.5112257556470824	ES2	perturbation_control	spearman
COX5B-1	COX5B	0.06890654324900887	ES2	perturbation_control	spearman
COX5B-2	COX5B	0.035264786251597	ES2	perturbation_control	spearman
CSNK1A1-1	CSNK1A1	0.7421381275071705	ES2	perturbation_control	spearman
CSNK1A1-2	CSNK1A1	0.7718114850371075	ES2	perturbation_control	spearman
CTNNB1-1	CTNNB1	1.2417972552619652	ES2	perturbation_control	spearman
CTNNB1-2	CTNNB1	0.9634043427258013	ES2	perturbation_control	spearman
Chr2-1	Chr2	0.046840963050133154	ES2	perturbation_control	spearman
Chr2-2	Chr2	-0.11202966006687747	ES2	perturbation_control	spearman
Chr2-3	Chr2	0.29558557444839945	ES2	perturbation_control	spearman
Chr2-4	Chr2	0.02481187183000386	ES2	perturbation_control	spearman
Chr2-5	Chr2	0.0024741160553243564	ES2	perturbation_control	spearman
Chr2-6	Chr2	0.20228456110652643	ES2	perturbation_control	spearman
DOT1L-1	DOT1L	1.3162460508576255	ES2	perturbation_control	spearman
DOT1L-2	DOT1L	1.1900600288609473	ES2	perturbation_control	spearman
EGFR-1	EGFR	0.8922282282018585	ES2	perturbation_control	spearman
EGFR-2	EGFR	1.2241157535434652	ES2	perturbation_control	spearman
EGLN1-8	EGLN1	2.780068299608695	ES2	perturbation_control	spearman
EGLN1-9	EGLN1	3.105148252251838	ES2	perturbation_control	spearman
EMPTY	EMPTY		ES2	perturbation_control	spearman
ERBB2-1	ERBB2	0.978875344509303	ES2	perturbation_control	spearman
ERBB2-2	ERBB2	1.3226238744691776	ES2	perturbation_control	spearman
ERBB3-1	ERBB3	0.4532303850518013	ES2	perturbation_control	spearman
ERBB3-2	ERBB3	0.5693755074335992	ES2	perturbation_control	spearman
EZH2-1	EZH2	1.2576260201514016	ES2	perturbation_control	spearman
EZH2-2	EZH2	1.3288249881381664	ES2	perturbation_control	spearman
GLS-1	GLS	0.5988415070122609	ES2	perturbation_control	spearman
GLS-2	GLS	0.8114322784857667	ES2	perturbation_control	spearman
GPX4-1	GPX4	4.235753512916549	ES2	perturbation_control	spearman
GPX4-2	GPX4	3.8551519673614485	ES2	perturbation_control	spearman
HIF1a-1	HIF1a	0.8599005839464059	ES2	perturbation_control	spearman
HIF1a-2	HIF1a	0.7680437386115787	ES2	perturbation_control	spearman
ITGAV-1	ITGAV	3.4657603701827053	ES2	perturbation_control	spearman
ITGAV-2	ITGAV	3.616100253351061	ES2	perturbation_control	spearman
JAK3-1	JAK3	-0.02981576108719022	ES2	perturbation_control	spearman
JAK3-2	JAK3	-0.12141240752149532	ES2	perturbation_control	spearman
KIF11-1	KIF11	1.8324940315761533	ES2	perturbation_control	spearman
KIF11-2	KIF11	2.248695093999581	ES2	perturbation_control	spearman
KRAS-1	KRAS	0.08495147137774586	ES2	perturbation_control	spearman
KRAS-2A	KRAS	0.23113278955002092	ES2	perturbation_control	spearman
KRAS-2B	KRAS	0.0777136038922305	ES2	perturbation_control	spearman
LacZ-2	LacZ	0.02414299178873215	ES2	perturbation_control	spearman
LacZ-3	LacZ	-0.10398862923176946	ES2	perturbation_control	spearman
Luc-1	Luc	0.42434073381414655	ES2	perturbation_control	spearman
Luc-2	Luc	0.3751727028815258	ES2	perturbation_control	spearman
MAPK1-1	MAPK1	2.717499139803453	ES2	perturbation_control	spearman
MAPK1-2	MAPK1	2.705441329896033	ES2	perturbation_control	spearman
MCL1-2	MCL1	0.2105397938950656	ES2	perturbation_control	spearman
MCL1-5	MCL1	0.20805237259355946	ES2	perturbation_control	spearman
MTOR-1	MTOR	1.5357425818054544	ES2	perturbation_control	spearman
MTOR-2	MTOR	1.3374818526977648	ES2	perturbation_control	spearman
MYC-1	MYC	3.943618669256512	ES2	perturbation_control	spearman
MYC-2	MYC	3.5637385498134884	ES2	perturbation_control	spearman
ORC4-1	ORC4	0.08076960633943901	ES2	perturbation_control	spearman
ORC4-2	ORC4	0.08656807407705873	ES2	perturbation_control	spearman
PIK3CA-1	PIK3CA	0.6081712173369197	ES2	perturbation_control	spearman
PIK3CA-2	PIK3CA	0.7080268100910944	ES2	perturbation_control	spearman
POLR2D-1	POLR2D	3.0986212346960813	ES2	perturbation_control	spearman
POLR2D-2	POLR2D	2.914115090397164	ES2	perturbation_control	spearman
PPIB-1	PPIB	0.03638092570859877	ES2	perturbation_control	spearman
PPIB-2	PPIB	-0.03863666553222303	ES2	perturbation_control	spearman
PRDX1-1	PRDX1	0.3683920976079418	ES2	perturbation_control	spearman
PRDX1-2	PRDX1	0.44918376328337395	ES2	perturbation_control	spearman
PSMA1-1	PSMA1	3.433896653516042	ES2	perturbation_control	spearman
PSMA1-2	PSMA1	3.6320746658188026	ES2	perturbation_control	spearman
PTK2-1	PTK2	1.7847208401345378	ES2	perturbation_control	spearman
PTK2-2	PTK2	1.6686988376975418	ES2	perturbation_control	spearman
RAC1-1	RAC1	0.6133550156011159	ES2	perturbation_control	spearman
RAC1-2	RAC1	0.46741667942053877	ES2	perturbation_control	spearman
RAF1-1	RAF1	0.9591313471842212	ES2	perturbation_control	spearman
RAF1-2	RAF1	0.7367348345973675	ES2	perturbation_control	spearman
RHOA-1	RHOA	3.0301001206204394	ES2	perturbation_control	spearman
RHOA-2	RHOA	3.206736317804044	ES2	perturbation_control	spearman
SDHB-1	SDHB	0.8670104276683501	ES2	perturbation_control	spearman
SDHB-2	SDHB	0.9024420124998519	ES2	perturbation_control	spearman
SLC2A1-1	SLC2A1		ES2	perturbation_control	spearman
SLC2A2-2	SLC2A2		ES2	perturbation_control	spearman
SMARCB1-1	SMARCB1	0.553349347432416	ES2	perturbation_control	spearman
SMARCB1-2	SMARCB1	0.7150674444307284	ES2	perturbation_control	spearman
STAT3-1	STAT3	0.4123361573763321	ES2	perturbation_control	spearman
STAT3-2	STAT3	0.48758801439698135	ES2	perturbation_control	spearman
SUZ12-1	SUZ12	0.4626902912658222	ES2	perturbation_control	spearman
SUZ12-2	SUZ12	0.8421117917088592	ES2	perturbation_control	spearman
TXN-1	TXN	0.8870444436847884	ES2	perturbation_control	spearman
TXN-2	TXN	0.7731910768416879	ES2	perturbation_control	spearman
XBP-1	XBP	0.8778174673103055	ES2	perturbation_control	spearman
XBP-2	XBP	1.0665782135150461	ES2	perturbation_control	spearman
YAP1-1	YAP1	2.533765851425215	ES2	perturbation_control	spearman
YAP1-2	YAP1	2.9434143704652214	ES2	perturbation_control	spearman
AKT1-1	AKT1	0.8897919545976707	HCC44	cutting_control	pearson
AKT1-2	AKT1	0.8973334359069677	HCC44	cutting_control	pearson
ARID1B-1	ARID1B	0.43052274981371463	HCC44	cutting_control	pearson
ARID1B-2	ARID1B	0.39081989698064884	HCC44	cutting_control	pearson
ATF4-1	ATF4	0.20063131866051115	HCC44	cutting_control	pearson
ATF4-2	ATF4	0.024719931979843457	HCC44	cutting_control	pearson
ATP50-1	ATP50	0.8656314739833979	HCC44	cutting_control	pearson
ATP50-2	ATP50	0.794282453896678	HCC44	cutting_control	pearson
AURKB-2	AURKB		HCC44	cutting_control	pearson
BCL2-1	BCL2	0.8502013922706658	HCC44	cutting_control	pearson
BCL2-2	BCL2	0.7936644466549775	HCC44	cutting_control	pearson
BCL2L2-1	BCL2L2	-0.10408261780101585	HCC44	cutting_control	pearson
BCL2L2-2	BCL2L2	0.0022309652761000175	HCC44	cutting_control	pearson
BCL2L2-4	BCL2L2	0.23033374736737888	HCC44	cutting_control	pearson
BRAF-2	BRAF		HCC44	cutting_control	pearson
BRAF1-1	BRAF1		HCC44	cutting_control	pearson
BRCA1-1	BRCA1	0.58710247883699	HCC44	cutting_control	pearson
BRCA1-2	BRCA1	0.6083521825160688	HCC44	cutting_control	pearson
BRD4-1	BRD4	2.707075927912224	HCC44	cutting_control	pearson
BRD4-2	BRD4	2.7090765001753274	HCC44	cutting_control	pearson
CCND1-1	CCND1	0.38530085561536914	HCC44	cutting_control	pearson
CCND1-2	CCND1	0.44164008321046705	HCC44	cutting_control	pearson
CCNE1-1	CCNE1	2.0791843605527403	HCC44	cutting_control	pearson
CCNE1-2	CCNE1	1.5840554707534418	HCC44	cutting_control	pearson
CDK2-1	CDK2	2.939219299959051	HCC44	cutting_control	pearson
CDK2-2	CDK2	2.7199093820787783	HCC44	cutting_control	pearson
CDK4-1	CDK4	0.6953805496755188	HCC44	cutting_control	pearson
CDK4-2	CDK4	0.5505996791254757	HCC44	cutting_control	pearson
CDK4-3	CDK4	0.2196169861444953	HCC44	cutting_control	pearson
CHEK2-1	CHEK2	0.6169339594642957	HCC44	cutting_control	pearson
CHEK2-2	CHEK2	0.7495468062155131	HCC44	cutting_control	pearson
COX5B-1	COX5B	0.19359063116258005	HCC44	cutting_control	pearson
COX5B-2	COX5B	0.15548445197375121	HCC44	cutting_control	pearson
CSNK1A1-1	CSNK1A1	1.909410027936783	HCC44	cutting_control	pearson
CSNK1A1-2	CSNK1A1	1.6928291724122233	HCC44	cutting_control	pearson
CTNNB1-1	CTNNB1	0.013061909377571715	HCC44	cutting_control	pearson
CTNNB1-2	CTNNB1	0.10551825546935778	HCC44	cutting_control	pearson
Chr2-1	Chr2	0.0722169691404272	HCC44	cutting_control	pearson
Chr2-2	Chr2	-0.02338166548625496	HCC44	cutting_control	pearson
Chr2-3	Chr2	0.09425623717506215	HCC44	cutting_control	pearson
Chr2-4	Chr2	-0.15623344480981713	HCC44	cutting_control	pearson
Chr2-5	Chr2	0.0735044541795167	HCC44	cutting_control	pearson
Chr2-6	Chr2	0.11215851093347608	HCC44	cutting_control	pearson
DOT1L-1	DOT1L	1.3767359855613284	HCC44	cutting_control	pearson
DOT1L-2	DOT1L	1.4560444686797203	HCC44	cutting_control	pearson
EGFR-1	EGFR	0.5406666736284566	HCC44	cutting_control	pearson
EGFR-2	EGFR	0.9122865040892414	HCC44	cutting_control	pearson
EGLN1-8	EGLN1	1.7815584748122022	HCC44	cutting_control	pearson
EGLN1-9	EGLN1	2.0187757696144155	HCC44	cutting_control	pearson
EMPTY	EMPTY		HCC44	cutting_control	pearson
ERBB2-1	ERBB2	0.26326412726224563	HCC44	cutting_control	pearson
ERBB2-2	ERBB2	0.3346734899060878	HCC44	cutting_control	pearson
ERBB3-1	ERBB3	0.7182209783537431	HCC44	cutting_control	pearson
ERBB3-2	ERBB3	0.5923425691220886	HCC44	cutting_control	pearson
EZH2-1	EZH2	1.005028292371617	HCC44	cutting_control	pearson
EZH2-2	EZH2	1.086410374141606	HCC44	cutting_control	pearson
GLS-1	GLS	0.6731498220088376	HCC44	cutting_control	pearson
GLS-2	GLS	0.6047601719399088	HCC44	cutting_control	pearson
GPX4-1	GPX4	1.4736475871727799	HCC44	cutting_control	pearson
GPX4-2	GPX4	1.2244971467812973	HCC44	cutting_control	pearson
HIF1a-1	HIF1a	1.02920888332141	HCC44	cutting_control	pearson
HIF1a-2	HIF1a	1.0321928975724892	HCC44	cutting_control	pearson
ITGAV-1	ITGAV	4.666340374840966	HCC44	cutting_control	pearson
ITGAV-2	ITGAV	4.840632719036354	HCC44	cutting_control	pearson
JAK3-1	JAK3	0.7466055930951867	HCC44	cutting_control	pearson
JAK3-2	JAK3	0.5619224927214184	HCC44	cutting_control	pearson
KIF11-1	KIF11	3.360550800822713	HCC44	cutting_control	pearson
KIF11-2	KIF11	2.8622238026504334	HCC44	cutting_control	pearson
KRAS-1	KRAS	1.5512791052844657	HCC44	cutting_control	pearson
KRAS-2A	KRAS	1.5577276530411561	HCC44	cutting_control	pearson
KRAS-2B	KRAS	0.6909442954519593	HCC44	cutting_control	pearson
LacZ-2	LacZ	0.6770712366151247	HCC44	cutting_control	pearson
LacZ-3	LacZ	0.6277355063891772	HCC44	cutting_control	pearson
Luc-1	Luc	0.7730435322289505	HCC44	cutting_control	pearson
Luc-2	Luc	0.8512398517499251	HCC44	cutting_control	pearson
MAPK1-1	MAPK1	1.0432236801753703	HCC44	cutting_control	pearson
MAPK1-2	MAPK1	1.1823858770466282	HCC44	cutting_control	pearson
MCL1-2	MCL1	0.473702879930293	HCC44	cutting_control	pearson
MCL1-5	MCL1	0.41897668454428655	HCC44	cutting_control	pearson
MTOR-1	MTOR	1.7336239918496439	HCC44	cutting_control	pearson
MTOR-2	MTOR	1.535945614090509	HCC44	cutting_control	pearson
MYC-1	MYC	3.531799383183502	HCC44	cutting_control	pearson
MYC-2	MYC	3.424061874887977	HCC44	cutting_control	pearson
ORC4-1	ORC4	0.020218993630611207	HCC44	cutting_control	pearson
ORC4-2	ORC4	-0.0016472167962071132	HCC44	cutting_control	pearson
PIK3CA-1	PIK3CA	0.788930705531248	HCC44	cutting_control	pearson
PIK3CA-2	PIK3CA	0.6911789609121314	HCC44	cutting_control	pearson
POLR2D-1	POLR2D	3.55683253555582	HCC44	cutting_control	pearson
POLR2D-2	POLR2D	3.3073646022945686	HCC44	cutting_control	pearson
PPIB-1	PPIB	-0.10622461516310364	HCC44	cutting_control	pearson
PPIB-2	PPIB	-0.033132751131627364	HCC44	cutting_control	pearson
PRDX1-1	PRDX1	0.3149251452023673	HCC44	cutting_control	pearson
PRDX1-2	PRDX1	0.2395713698332302	HCC44	cutting_control	pearson
PSMA1-1	PSMA1	2.5719954704153376	HCC44	cutting_control	pearson
PSMA1-2	PSMA1	2.7462259632926425	HCC44	cutting_control	pearson
PTK2-1	PTK2	2.7426301630463414	HCC44	cutting_control	pearson
PTK2-2	PTK2	2.9115987698107846	HCC44	cutting_control	pearson
RAC1-1	RAC1	0.9995144237439373	HCC44	cutting_control	pearson
RAC1-2	RAC1	0.9459255593429415	HCC44	cutting_control	pearson
RAF1-1	RAF1	0.606509333250578	HCC44	cutting_control	pearson
RAF1-2	RAF1	0.6721036630136901	HCC44	cutting_control	pearson
RHOA-1	RHOA	2.651429307620239	HCC44	cutting_control	pearson
RHOA-2	RHOA	2.834022381057997	HCC44	cutting_control	pearson
SDHB-1	SDHB	1.1400372494672406	HCC44	cutting_control	pearson
SDHB-2	SDHB	0.9897409932194425	HCC44	cutting_control	pearson
SLC2A1-1	SLC2A1		HCC44	cutting_control	pearson
SLC2A2-2	SLC2A2		HCC44	cutting_control	pearson
SMARCB1-1	SMARCB1	0.8556852969667533	HCC44	cutting_control	pearson
SMARCB1-2	SMARCB1	0.7917498994841828	HCC44	cutting_control	pearson
STAT3-1	STAT3	0.530409061325958	HCC44	cutting_control	pearson
STAT3-2	STAT3	0.6667919559341503	HCC44	cutting_control	pearson
SUZ12-1	SUZ12	1.4356883972776624	HCC44	cutting_control	pearson
SUZ12-2	SUZ12	1.5209232505774326	HCC44	cutting_control	pearson
TXN-1	TXN	0.6127093238356195	HCC44	cutting_control	pearson
TXN-2	TXN	0.49290213247387915	HCC44	cutting_control	pearson
XBP-1	XBP	0.8639722454652147	HCC44	cutting_control	pearson
XBP-2	XBP	0.9428174390793281	HCC44	cutting_control	pearson
YAP1-1	YAP1	0.4925738369412178	HCC44	cutting_control	pearson
YAP1-2	YAP1	0.5128931973500911	HCC44	cutting_control	pearson
AKT1-1	AKT1	0.8759700348545566	HCC44	cutting_control	spearman
AKT1-2	AKT1	0.872321495727679	HCC44	cutting_control	spearman
ARID1B-1	ARID1B	0.4347612858928376	HCC44	cutting_control	spearman
ARID1B-2	ARID1B	0.39382580278867524	HCC44	cutting_control	spearman
ATF4-1	ATF4	0.15952987970444943	HCC44	cutting_control	spearman
ATF4-2	ATF4	0.007114511183442757	HCC44	cutting_control	spearman
ATP50-1	ATP50	0.813123819187631	HCC44	cutting_control	spearman
ATP50-2	ATP50	0.7370365664314595	HCC44	cutting_control	spearman
AURKB-2	AURKB		HCC44	cutting_control	spearman
BCL2-1	BCL2	0.8203424981427455	HCC44	cutting_control	spearman
BCL2-2	BCL2	0.7763723828576826	HCC44	cutting_control	spearman
BCL2L2-1	BCL2L2	-0.11273433195740681	HCC44	cutting_control	spearman
BCL2L2-2	BCL2L2	-0.0016682134364160131	HCC44	cutting_control	spearman
BCL2L2-4	BCL2L2	0.20064093415644926	HCC44	cutting_control	spearman
BRAF-2	BRAF		HCC44	cutting_control	spearman
BRAF1-1	BRAF1		HCC44	cutting_control	spearman
BRCA1-1	BRCA1	0.5046889411133665	HCC44	cutting_control	spearman
BRCA1-2	BRCA1	0.528357383132565	HCC44	cutting_control	spearman
BRD4-1	BRD4	2.3249165252712363	HCC44	cutting_control	spearman
BRD4-2	BRD4	2.309609514149498	HCC44	cutting_control	spearman
CCND1-1	CCND1	0.37894435519448844	HCC44	cutting_control	spearman
CCND1-2	CCND1	0.43591035202800577	HCC44	cutting_control	spearman
CCNE1-1	CCNE1	2.0566477910632006	HCC44	cutting_control	spearman
CCNE1-2	CCNE1	1.61444923531267	HCC44	cutting_control	spearman
CDK2-1	CDK2	2.7070819544149627	HCC44	cutting_control	spearman
CDK2-2	CDK2	2.45999214780569	HCC44	cutting_control	spearman
CDK4-1	CDK4	0.630350845331566	HCC44	cutting_control	spearman
CDK4-2	CDK4	0.5126690859497609	HCC44	cutting_control	spearman
CDK4-3	CDK4	0.20313759789608773	HCC44	cutting_control	spearman
CHEK2-1	CHEK2	0.593679226730927	HCC44	cutting_control	spearman
CHEK2-2	CHEK2	0.7105490962511591	HCC44	cutting_control	spearman
COX5B-1	COX5B	0.14432672466867175	HCC44	cutting_control	spearman
COX5B-2	COX5B	0.12340400465933997	HCC44	cutting_control	spearman
CSNK1A1-1	CSNK1A1	1.8493941990386575	HCC44	cutting_control	spearman
CSNK1A1-2	CSNK1A1	1.6553983859369734	HCC44	cutting_control	spearman
CTNNB1-1	CTNNB1	-0.007925204501341735	HCC44	cutting_control	spearman
CTNNB1-2	CTNNB1	0.08505692070178822	HCC44	cutting_control	spearman
Chr2-1	Chr2	0.08238581458460764	HCC44	cutting_control	spearman
Chr2-2	Chr2	-0.022666880711522994	HCC44	cutting_control	spearman
Chr2-3	Chr2	0.09836868149230489	HCC44	cutting_control	spearman
Chr2-4	Chr2	-0.16237617008046254	HCC44	cutting_control	spearman
Chr2-5	Chr2	0.07618723179832974	HCC44	cutting_control	spearman
Chr2-6	Chr2	0.11518572783727819	HCC44	cutting_control	spearman
DOT1L-1	DOT1L	1.3632994074273896	HCC44	cutting_control	spearman
DOT1L-2	DOT1L	1.4398986167382577	HCC44	cutting_control	spearman
EGFR-1	EGFR	0.5127071101053184	HCC44	cutting_control	spearman
EGFR-2	EGFR	0.8785205940855462	HCC44	cutting_control	spearman
EGLN1-8	EGLN1	1.5858909046881662	HCC44	cutting_control	spearman
EGLN1-9	EGLN1	1.7286042143326035	HCC44	cutting_control	spearman
EMPTY	EMPTY		HCC44	cutting_control	spearman
ERBB2-1	ERBB2	0.24030924037702522	HCC44	cutting_control	spearman
ERBB2-2	ERBB2	0.31002947927032215	HCC44	cutting_control	spearman
ERBB3-1	ERBB3	0.6862054473024277	HCC44	cutting_control	spearman
ERBB3-2	ERBB3	0.5656306009211618	HCC44	cutting_control	spearman
EZH2-1	EZH2	0.9945949676509892	HCC44	cutting_control	spearman
EZH2-2	EZH2	1.0751832032049606	HCC44	cutting_control	spearman
GLS-1	GLS	0.5580980276078288	HCC44	cutting_control	spearman
GLS-2	GLS	0.5099428168881904	HCC44	cutting_control	spearman
GPX4-1	GPX4	1.4661404181630722	HCC44	cutting_control	spearman
GPX4-2	GPX4	1.2271233357719002	HCC44	cutting_control	spearman
HIF1a-1	HIF1a	0.9342405715160296	HCC44	cutting_control	spearman
HIF1a-2	HIF1a	0.9469729947055474	HCC44	cutting_control	spearman
ITGAV-1	ITGAV	4.495822291687574	HCC44	cutting_control	spearman
ITGAV-2	ITGAV	4.705697108074184	HCC44	cutting_control	spearman
JAK3-1	JAK3	0.7396264870395902	HCC44	cutting_control	spearman
JAK3-2	JAK3	0.6029690303865451	HCC44	cutting_control	spearman
KIF11-1	KIF11	3.110951593171078	HCC44	cutting_control	spearman
KIF11-2	KIF11	2.6389535719321597	HCC44	cutting_control	spearman
KRAS-1	KRAS	1.5556334045824995	HCC44	cutting_control	spearman
KRAS-2A	KRAS	1.481191199816553	HCC44	cutting_control	spearman
KRAS-2B	KRAS	0.6515236883675506	HCC44	cutting_control	spearman
LacZ-2	LacZ	0.6634777195086047	HCC44	cutting_control	spearman
LacZ-3	LacZ	0.6421224940514404	HCC44	cutting_control	spearman
Luc-1	Luc	0.8059150165211568	HCC44	cutting_control	spearman
Luc-2	Luc	0.9013923115349209	HCC44	cutting_control	spearman
MAPK1-1	MAPK1	1.029199357388134	HCC44	cutting_control	spearman
MAPK1-2	MAPK1	1.1358709678581778	HCC44	cutting_control	spearman
MCL1-2	MCL1	0.4070245277305247	HCC44	cutting_control	spearman
MCL1-5	MCL1	0.42220647819024343	HCC44	cutting_control	spearman
MTOR-1	MTOR	1.6163931679661319	HCC44	cutting_control	spearman
MTOR-2	MTOR	1.4167114459565555	HCC44	cutting_control	spearman
MYC-1	MYC	3.224663599503211	HCC44	cutting_control	spearman
MYC-2	MYC	3.1679863669874497	HCC44	cutting_control	spearman
ORC4-1	ORC4	-0.005520508244101179	HCC44	cutting_control	spearman
ORC4-2	ORC4	-0.022297858056823407	HCC44	cutting_control	spearman
PIK3CA-1	PIK3CA	0.7692954192283312	HCC44	cutting_control	spearman
PIK3CA-2	PIK3CA	0.65688274426116	HCC44	cutting_control	spearman
POLR2D-1	POLR2D	3.3327406058150815	HCC44	cutting_control	spearman
POLR2D-2	POLR2D	3.101847830706387	HCC44	cutting_control	spearman
PPIB-1	PPIB	-0.13181571321815294	HCC44	cutting_control	spearman
PPIB-2	PPIB	-0.05733112251910558	HCC44	cutting_control	spearman
PRDX1-1	PRDX1	0.3051708469152369	HCC44	cutting_control	spearman
PRDX1-2	PRDX1	0.23238726846444507	HCC44	cutting_control	spearman
PSMA1-1	PSMA1	2.4462043458789324	HCC44	cutting_control	spearman
PSMA1-2	PSMA1	2.600840704147088	HCC44	cutting_control	spearman
PTK2-1	PTK2	2.4562822352483886	HCC44	cutting_control	spearman
PTK2-2	PTK2	2.661950007009686	HCC44	cutting_control	spearman
RAC1-1	RAC1	0.9932894613063039	HCC44	cutting_control	spearman
RAC1-2	RAC1	0.9262496793563392	HCC44	cutting_control	spearman
RAF1-1	RAF1	0.586579006286588	HCC44	cutting_control	spearman
RAF1-2	RAF1	0.6420749049809492	HCC44	cutting_control	spearman
RHOA-1	RHOA	2.5354815250859817	HCC44	cutting_control	spearman
RHOA-2	RHOA	2.744777978874434	HCC44	cutting_control	spearman
SDHB-1	SDHB	1.144020195536392	HCC44	cutting_control	spearman
SDHB-2	SDHB	0.9987764390109537	HCC44	cutting_control	spearman
SLC2A1-1	SLC2A1		HCC44	cutting_control	spearman
SLC2A2-2	SLC2A2		HCC44	cutting_control	spearman
SMARCB1-1	SMARCB1	0.7527548646184034	HCC44	cutting_control	spearman
SMARCB1-2	SMARCB1	0.6917342487252527	HCC44	cutting_control	spearman
STAT3-1	STAT3	0.50208759310236	HCC44	cutting_control	spearman
STAT3-2	STAT3	0.6264746928648353	HCC44	cutting_control	spearman
SUZ12-1	SUZ12	1.4434979118926339	HCC44	cutting_control	spearman
SUZ12-2	SUZ12	1.5192325749544127	HCC44	cutting_control	spearman
TXN-1	TXN	0.5839692881267546	HCC44	cutting_control	spearman
TXN-2	TXN	0.46658548438148334	HCC44	cutting_control	spearman
XBP-1	XBP	0.9013072262896118	HCC44	cutting_control	spearman
XBP-2	XBP	0.963770402201366	HCC44	cutting_control	spearman
YAP1-1	YAP1	0.5173754486451279	HCC44	cutting_control	spearman
YAP1-2	YAP1	0.5522735560743394	HCC44	cutting_control	spearman
AKT1-1	AKT1	0.7572967244675232	HCC44	perturbation_control	pearson
AKT1-2	AKT1	0.7884921491907338	HCC44	perturbation_control	pearson
ARID1B-1	ARID1B	0.41567613334260045	HCC44	perturbation_control	pearson
ARID1B-2	ARID1B	0.45761596874916033	HCC44	perturbation_control	pearson
ATF4-1	ATF4	0.5181758127101368	HCC44	perturbation_control	pearson
ATF4-2	ATF4	0.07508419645724332	HCC44	perturbation_control	pearson
ATP50-1	ATP50	1.070487718919198	HCC44	perturbation_control	pearson
ATP50-2	ATP50	1.3591287586877365	HCC44	perturbation_control	pearson
AURKB-2	AURKB		HCC44	perturbation_control	pearson
BCL2-1	BCL2	0.6772455138043614	HCC44	perturbation_control	pearson
BCL2-2	BCL2	0.5661599692821917	HCC44	perturbation_control	pearson
BCL2L2-1	BCL2L2	0.2971141282977382	HCC44	perturbation_control	pearson
BCL2L2-2	BCL2L2	-0.20948297560652107	HCC44	perturbation_control	pearson
BCL2L2-4	BCL2L2	0.19406339890516502	HCC44	perturbation_control	pearson
BRAF-2	BRAF		HCC44	perturbation_control	pearson
BRAF1-1	BRAF1		HCC44	perturbation_control	pearson
BRCA1-1	BRCA1	0.5028911045745926	HCC44	perturbation_control	pearson
BRCA1-2	BRCA1	0.5523303846169543	HCC44	perturbation_control	pearson
BRD4-1	BRD4	2.3311196218308208	HCC44	perturbation_control	pearson
BRD4-2	BRD4	2.3616909157580883	HCC44	perturbation_control	pearson
CCND1-1	CCND1	0.2146457790489629	HCC44	perturbation_control	pearson
CCND1-2	CCND1	0.5747465885215042	HCC44	perturbation_control	pearson
CCNE1-1	CCNE1	2.140820010002218	HCC44	perturbation_control	pearson
CCNE1-2	CCNE1	1.8629755703207591	HCC44	perturbation_control	pearson
CDK2-1	CDK2	2.8964420593118643	HCC44	perturbation_control	pearson
CDK2-2	CDK2	2.6767960031287923	HCC44	perturbation_control	pearson
CDK4-1	CDK4	1.0192390304112768	HCC44	perturbation_control	pearson
CDK4-2	CDK4	0.6134142471465389	HCC44	perturbation_control	pearson
CDK4-3	CDK4	0.5274720358448923	HCC44	perturbation_control	pearson
CHEK2-1	CHEK2	0.2872063317404464	HCC44	perturbation_control	pearson
CHEK2-2	CHEK2	0.4562499275774997	HCC44	perturbation_control	pearson
COX5B-1	COX5B	0.1813294350860909	HCC44	perturbation_control	pearson
COX5B-2	COX5B	0.5860605733408594	HCC44	perturbation_control	pearson
CSNK1A1-1	CSNK1A1	1.6386479901060942	HCC44	perturbation_control	pearson
CSNK1A1-2	CSNK1A1	1.425772905925391	HCC44	perturbation_control	pearson
CTNNB1-1	CTNNB1	0.01686040473108422	HCC44	perturbation_control	pearson
CTNNB1-2	CTNNB1	-0.1344931582366483	HCC44	perturbation_control	pearson
Chr2-1	Chr2	0.33676628706780826	HCC44	perturbation_control	pearson
Chr2-2	Chr2	-0.047879879610970726	HCC44	perturbation_control	pearson
Chr2-3	Chr2	0.6075187940726032	HCC44	perturbation_control	pearson
Chr2-4	Chr2	-0.31674596219620793	HCC44	perturbation_control	pearson
Chr2-5	Chr2	0.26497171739340486	HCC44	perturbation_control	pearson
Chr2-6	Chr2	0.4821015516084958	HCC44	perturbation_control	pearson
DOT1L-1	DOT1L	0.9575621747853612	HCC44	perturbation_control	pearson
DOT1L-2	DOT1L	0.9204296114381035	HCC44	perturbation_control	pearson
EGFR-1	EGFR	0.18757413994840086	HCC44	perturbation_control	pearson
EGFR-2	EGFR	0.7119398152254077	HCC44	perturbation_control	pearson
EGLN1-8	EGLN1	1.6230640503041953	HCC44	perturbation_control	pearson
EGLN1-9	EGLN1	2.0137084671385903	HCC44	perturbation_control	pearson
EMPTY	EMPTY		HCC44	perturbation_control	pearson
ERBB2-1	ERBB2	-0.14190454684415393	HCC44	perturbation_control	pearson
ERBB2-2	ERBB2	0.26623160543661484	HCC44	perturbation_control	pearson
ERBB3-1	ERBB3	0.6203282317206834	HCC44	perturbation_control	pearson
ERBB3-2	ERBB3	0.4493560240950505	HCC44	perturbation_control	pearson
EZH2-1	EZH2	0.6646524770957323	HCC44	perturbation_control	pearson
EZH2-2	EZH2	1.0456422079841492	HCC44	perturbation_control	pearson
GLS-1	GLS	0.5020408212789763	HCC44	perturbation_control	pearson
GLS-2	GLS	0.9824493018049184	HCC44	perturbation_control	pearson
GPX4-1	GPX4	1.0030959263304806	HCC44	perturbation_control	pearson
GPX4-2	GPX4	0.8556186942868055	HCC44	perturbation_control	pearson
HIF1a-1	HIF1a	0.6891772077940703	HCC44	perturbation_control	pearson
HIF1a-2	HIF1a	0.7025141543077581	HCC44	perturbation_control	pearson
ITGAV-1	ITGAV	4.260879086678606	HCC44	perturbation_control	pearson
ITGAV-2	ITGAV	4.470887484759217	HCC44	perturbation_control	pearson
JAK3-1	JAK3	0.2809765828332741	HCC44	perturbation_control	pearson
JAK3-2	JAK3	0.2819974155608407	HCC44	perturbation_control	pearson
KIF11-1	KIF11	3.0861869690959263	HCC44	perturbation_control	pearson
KIF11-2	KIF11	3.045670589619387	HCC44	perturbation_control	pearson
KRAS-1	KRAS	1.5105330843171112	HCC44	perturbation_control	pearson
KRAS-2A	KRAS	1.6413425611458423	HCC44	perturbation_control	pearson
KRAS-2B	KRAS	0.5378412909550554	HCC44	perturbation_control	pearson
LacZ-2	LacZ	0.37639960019998714	HCC44	perturbation_control	pearson
LacZ-3	LacZ	0.275904976976195	HCC44	perturbation_control	pearson
Luc-1	Luc	0.43607063566757454	HCC44	perturbation_control	pearson
Luc-2	Luc	0.5326993054872518	HCC44	perturbation_control	pearson
MAPK1-1	MAPK1	0.7551378527307997	HCC44	perturbation_control	pearson
MAPK1-2	MAPK1	0.763552623347262	HCC44	perturbation_control	pearson
MCL1-2	MCL1	0.4776089266826263	HCC44	perturbation_control	pearson
MCL1-5	MCL1	0.1449147003953319	HCC44	perturbation_control	pearson
MTOR-1	MTOR	2.0080319148164296	HCC44	perturbation_control	pearson
MTOR-2	MTOR	1.4556790767800436	HCC44	perturbation_control	pearson
MYC-1	MYC	3.331271625259939	HCC44	perturbation_control	pearson
MYC-2	MYC	3.27089263299825	HCC44	perturbation_control	pearson
ORC4-1	ORC4	-0.0015162030068778562	HCC44	perturbation_control	pearson
ORC4-2	ORC4	0.2289051651166435	HCC44	perturbation_control	pearson
PIK3CA-1	PIK3CA	0.9660417959747255	HCC44	perturbation_control	pearson
PIK3CA-2	PIK3CA	0.47470244264485983	HCC44	perturbation_control	pearson
POLR2D-1	POLR2D	3.4207118133754997	HCC44	perturbation_control	pearson
POLR2D-2	POLR2D	3.2313823751857753	HCC44	perturbation_control	pearson
PPIB-1	PPIB	-0.2631220042743477	HCC44	perturbation_control	pearson
PPIB-2	PPIB	0.054157076243885736	HCC44	perturbation_control	pearson
PRDX1-1	PRDX1	-0.0023942907130933893	HCC44	perturbation_control	pearson
PRDX1-2	PRDX1	0.3855586495500218	HCC44	perturbation_control	pearson
PSMA1-1	PSMA1	2.7514111137823836	HCC44	perturbation_control	pearson
PSMA1-2	PSMA1	2.8273556875002024	HCC44	perturbation_control	pearson
PTK2-1	PTK2	2.9854157000062354	HCC44	perturbation_control	pearson
PTK2-2	PTK2	3.1282384378888692	HCC44	perturbation_control	pearson
RAC1-1	RAC1	0.8422517081509769	HCC44	perturbation_control	pearson
RAC1-2	RAC1	0.7365869243829051	HCC44	perturbation_control	pearson
RAF1-1	RAF1	0.7757437175727117	HCC44	perturbation_control	pearson
RAF1-2	RAF1	0.6315408888297168	HCC44	perturbation_control	pearson
RHOA-1	RHOA	2.089978982388347	HCC44	perturbation_control	pearson
RHOA-2	RHOA	2.355946947573575	HCC44	perturbation_control	pearson
SDHB-1	SDHB	1.511022786863721	HCC44	perturbation_control	pearson
SDHB-2	SDHB	1.2489916396382137	HCC44	perturbation_control	pearson
SLC2A1-1	SLC2A1		HCC44	perturbation_control	pearson
SLC2A2-2	SLC2A2		HCC44	perturbation_control	pearson
SMARCB1-1	SMARCB1	0.6690292423021009	HCC44	perturbation_control	pearson
SMARCB1-2	SMARCB1	0.48353297464255873	HCC44	perturbation_control	pearson
STAT3-1	STAT3	0.3334275443891253	HCC44	perturbation_control	pearson
STAT3-2	STAT3	0.6542972055892043	HCC44	perturbation_control	pearson
SUZ12-1	SUZ12	1.2894603927125783	HCC44	perturbation_control	pearson
SUZ12-2	SUZ12	1.7213012371032748	HCC44	perturbation_control	pearson
TXN-1	TXN	0.6047166070942862	HCC44	perturbation_control	pearson
TXN-2	TXN	0.4158099833268871	HCC44	perturbation_control	pearson
XBP-1	XBP	0.8996319630441652	HCC44	perturbation_control	pearson
XBP-2	XBP	0.8773308442728718	HCC44	perturbation_control	pearson
YAP1-1	YAP1	0.37531365842247477	HCC44	perturbation_control	pearson
YAP1-2	YAP1	0.5347940570031611	HCC44	perturbation_control	pearson
AKT1-1	AKT1	0.7500685245149223	HCC44	perturbation_control	spearman
AKT1-2	AKT1	0.758723166680173	HCC44	perturbation_control	spearman
ARID1B-1	ARID1B	0.4137957965061184	HCC44	perturbation_control	spearman
ARID1B-2	ARID1B	0.45802937281599654	HCC44	perturbation_control	spearman
ATF4-1	ATF4	0.5036596381858998	HCC44	perturbation_control	spearman
ATF4-2	ATF4	0.04526673647979993	HCC44	perturbation_control	spearman
ATP50-1	ATP50	1.0133119444185552	HCC44	perturbation_control	spearman
ATP50-2	ATP50	1.2865964682299607	HCC44	perturbation_control	spearman
AURKB-2	AURKB		HCC44	perturbation_control	spearman
BCL2-1	BCL2	0.6649706277001814	HCC44	perturbation_control	spearman
BCL2-2	BCL2	0.5563741829633968	HCC44	perturbation_control	spearman
BCL2L2-1	BCL2L2	0.2772456772339372	HCC44	perturbation_control	spearman
BCL2L2-2	BCL2L2	-0.22401040333471833	HCC44	perturbation_control	spearman
BCL2L2-4	BCL2L2	0.1525564214910576	HCC44	perturbation_control	spearman
BRAF-2	BRAF		HCC44	perturbation_control	spearman
BRAF1-1	BRAF1		HCC44	perturbation_control	spearman
BRCA1-1	BRCA1	0.4249809887128476	HCC44	perturbation_control	spearman
BRCA1-2	BRCA1	0.4771001798156361	HCC44	perturbation_control	spearman
BRD4-1	BRD4	1.9744442733182845	HCC44	perturbation_control	spearman
BRD4-2	BRD4	2.0991212259198924	HCC44	perturbation_control	spearman
CCND1-1	CCND1	0.20300537720596779	HCC44	perturbation_control	spearman
CCND1-2	CCND1	0.5696510856192274	HCC44	perturbation_control	spearman
CCNE1-1	CCNE1	2.217641401416608	HCC44	perturbation_control	spearman
CCNE1-2	CCNE1	1.9210772335106643	HCC44	perturbation_control	spearman
CDK2-1	CDK2	2.789798692500795	HCC44	perturbation_control	spearman
CDK2-2	CDK2	2.5585553288987044	HCC44	perturbation_control	spearman
CDK4-1	CDK4	0.9554941008882535	HCC44	perturbation_control	spearman
CDK4-2	CDK4	0.5774777628911419	HCC44	perturbation_control	spearman
CDK4-3	CDK4	0.5345473671551779	HCC44	perturbation_control	spearman
CHEK2-1	CHEK2	0.2630460912624557	HCC44	perturbation_control	spearman
CHEK2-2	CHEK2	0.41491952370129026	HCC44	perturbation_control	spearman
COX5B-1	COX5B	0.09554625572741902	HCC44	perturbation_control	spearman
COX5B-2	COX5B	0.5890118901559647	HCC44	perturbation_control	spearman
CSNK1A1-1	CSNK1A1	1.5602077005438553	HCC44	perturbation_control	spearman
CSNK1A1-2	CSNK1A1	1.388042646394861	HCC44	perturbation_control	spearman
CTNNB1-1	CTNNB1	0.015562925272807053	HCC44	perturbation_control	spearman
CTNNB1-2	CTNNB1	-0.1604649075782271	HCC44	perturbation_control	spearman
Chr2-1	Chr2	0.34920590279792124	HCC44	perturbation_control	spearman
Chr2-2	Chr2	-0.052687421876147056	HCC44	perturbation_control	spearman
Chr2-3	Chr2	0.6186223373498118	HCC44	perturbation_control	spearman
Chr2-4	Chr2	-0.3296520464084001	HCC44	perturbation_control	spearman
Chr2-5	Chr2	0.26133831943092034	HCC44	perturbation_control	spearman
Chr2-6	Chr2	0.4895205454027502	HCC44	perturbation_control	spearman
DOT1L-1	DOT1L	0.9554359794354625	HCC44	perturbation_control	spearman
DOT1L-2	DOT1L	0.9121031793113175	HCC44	perturbation_control	spearman
EGFR-1	EGFR	0.1523344261188263	HCC44	perturbation_control	spearman
EGFR-2	EGFR	0.6865891455997065	HCC44	perturbation_control	spearman
EGLN1-8	EGLN1	1.4465889222161203	HCC44	perturbation_control	spearman
EGLN1-9	EGLN1	1.7869723285234747	HCC44	perturbation_control	spearman
EMPTY	EMPTY		HCC44	perturbation_control	spearman
ERBB2-1	ERBB2	-0.16699011886605628	HCC44	perturbation_control	spearman
ERBB2-2	ERBB2	0.23600602652550556	HCC44	perturbation_control	spearman
ERBB3-1	ERBB3	0.5813336151174088	HCC44	perturbation_control	spearman
ERBB3-2	ERBB3	0.42090572685122046	HCC44	perturbation_control	spearman
EZH2-1	EZH2	0.6548584851236785	HCC44	perturbation_control	spearman
EZH2-2	EZH2	1.042219535109111	HCC44	perturbation_control	spearman
GLS-1	GLS	0.3714170545635638	HCC44	perturbation_control	spearman
GLS-2	GLS	0.89385835505046	HCC44	perturbation_control	spearman
GPX4-1	GPX4	1.0049210226684266	HCC44	perturbation_control	spearman
GPX4-2	GPX4	0.8587562401364013	HCC44	perturbation_control	spearman
HIF1a-1	HIF1a	0.5843313479027207	HCC44	perturbation_control	spearman
HIF1a-2	HIF1a	0.6096198610062378	HCC44	perturbation_control	spearman
ITGAV-1	ITGAV	4.142385887519355	HCC44	perturbation_control	spearman
ITGAV-2	ITGAV	4.356354890126341	HCC44	perturbation_control	spearman
JAK3-1	JAK3	0.28637592510130383	HCC44	perturbation_control	spearman
JAK3-2	JAK3	0.2975769686429579	HCC44	perturbation_control	spearman
KIF11-1	KIF11	2.952830477340807	HCC44	perturbation_control	spearman
KIF11-2	KIF11	2.923625526532956	HCC44	perturbation_control	spearman
KRAS-1	KRAS	1.5208530483049305	HCC44	perturbation_control	spearman
KRAS-2A	KRAS	1.608311143759444	HCC44	perturbation_control	spearman
KRAS-2B	KRAS	0.4946994919611433	HCC44	perturbation_control	spearman
LacZ-2	LacZ	0.34184885458235903	HCC44	perturbation_control	spearman
LacZ-3	LacZ	0.2713777909938881	HCC44	perturbation_control	spearman
Luc-1	Luc	0.47381527993796685	HCC44	perturbation_control	spearman
Luc-2	Luc	0.5794168597525468	HCC44	perturbation_control	spearman
MAPK1-1	MAPK1	0.7247801921702262	HCC44	perturbation_control	spearman
MAPK1-2	MAPK1	0.7372801961775628	HCC44	perturbation_control	spearman
MCL1-2	MCL1	0.4347457505123862	HCC44	perturbation_control	spearman
MCL1-5	MCL1	0.12464822645250807	HCC44	perturbation_control	spearman
MTOR-1	MTOR	1.8824361336021356	HCC44	perturbation_control	spearman
MTOR-2	MTOR	1.3389351074630236	HCC44	perturbation_control	spearman
MYC-1	MYC	3.153973627116408	HCC44	perturbation_control	spearman
MYC-2	MYC	3.126799909927091	HCC44	perturbation_control	spearman
ORC4-1	ORC4	-0.043259725599825036	HCC44	perturbation_control	spearman
ORC4-2	ORC4	0.1969352277346036	HCC44	perturbation_control	spearman
PIK3CA-1	PIK3CA	0.9497247020288394	HCC44	perturbation_control	spearman
PIK3CA-2	PIK3CA	0.43079963088966605	HCC44	perturbation_control	spearman
POLR2D-1	POLR2D	3.317795535897181	HCC44	perturbation_control	spearman
POLR2D-2	POLR2D	3.1351682944130648	HCC44	perturbation_control	spearman
PPIB-1	PPIB	-0.2944044081772254	HCC44	perturbation_control	spearman
PPIB-2	PPIB	0.04514123683685	HCC44	perturbation_control	spearman
PRDX1-1	PRDX1	-0.026267860669912095	HCC44	perturbation_control	spearman
PRDX1-2	PRDX1	0.3719288747612015	HCC44	perturbation_control	spearman
PSMA1-1	PSMA1	2.6804313497308367	HCC44	perturbation_control	spearman
PSMA1-2	PSMA1	2.7478696368854667	HCC44	perturbation_control	spearman
PTK2-1	PTK2	2.6394749365066414	HCC44	perturbation_control	spearman
PTK2-2	PTK2	2.8754006524865243	HCC44	perturbation_control	spearman
RAC1-1	RAC1	0.8127487932746204	HCC44	perturbation_control	spearman
RAC1-2	RAC1	0.7247551977087722	HCC44	perturbation_control	spearman
RAF1-1	RAF1	0.7541995699582856	HCC44	perturbation_control	spearman
RAF1-2	RAF1	0.5809004233983192	HCC44	perturbation_control	spearman
RHOA-1	RHOA	2.0070130379442768	HCC44	perturbation_control	spearman
RHOA-2	RHOA	2.2806721589531485	HCC44	perturbation_control	spearman
SDHB-1	SDHB	1.516325362609547	HCC44	perturbation_control	spearman
SDHB-2	SDHB	1.2827243808613493	HCC44	perturbation_control	spearman
SLC2A1-1	SLC2A1		HCC44	perturbation_control	spearman
SLC2A2-2	SLC2A2		HCC44	perturbation_control	spearman
SMARCB1-1	SMARCB1	0.6124963528574255	HCC44	perturbation_control	spearman
SMARCB1-2	SMARCB1	0.4122776148336677	HCC44	perturbation_control	spearman
STAT3-1	STAT3	0.298983166208497	HCC44	perturbation_control	spearman
STAT3-2	STAT3	0.6215708097812168	HCC44	perturbation_control	spearman
SUZ12-1	SUZ12	1.2926989440722556	HCC44	perturbation_control	spearman
SUZ12-2	SUZ12	1.7326389878620696	HCC44	perturbation_control	spearman
TXN-1	TXN	0.5750972192033857	HCC44	perturbation_control	spearman
TXN-2	TXN	0.3889034413048103	HCC44	perturbation_control	spearman
XBP-1	XBP	0.9200109112870974	HCC44	perturbation_control	spearman
XBP-2	XBP	0.8814355493408799	HCC44	perturbation_control	spearman
YAP1-1	YAP1	0.41043239111498875	HCC44	perturbation_control	spearman
YAP1-2	YAP1	0.5731758581035806	HCC44	perturbation_control	spearman
AKT1-1	AKT1	0.48322547893650253	A549	cutting_control	pearson
AKT1-2	AKT1	0.4144122957419402	A549	cutting_control	pearson
ARID1B-1	ARID1B	0.26711320601602473	A549	cutting_control	pearson
ARID1B-2	ARID1B	0.43532092055685895	A549	cutting_control	pearson
ATF4-1	ATF4	2.1970689629188063	A549	cutting_control	pearson
ATF4-2	ATF4	2.122838083946148	A549	cutting_control	pearson
ATP50-1	ATP50	-0.19362100396865445	A549	cutting_control	pearson
ATP50-2	ATP50	0.031000123440355496	A549	cutting_control	pearson
AURKB-2	AURKB		A549	cutting_control	pearson
BCL2-1	BCL2	0.1817334755976861	A549	cutting_control	pearson
BCL2-2	BCL2	0.22733051366002271	A549	cutting_control	pearson
BCL2L2-1	BCL2L2	0.20945212895291898	A549	cutting_control	pearson
BCL2L2-2	BCL2L2	0.12416872616814417	A549	cutting_control	pearson
BCL2L2-4	BCL2L2	0.018165996847925168	A549	cutting_control	pearson
BRAF-2	BRAF		A549	cutting_control	pearson
BRAF1-1	BRAF1		A549	cutting_control	pearson
BRCA1-1	BRCA1	0.4403543905226814	A549	cutting_control	pearson
BRCA1-2	BRCA1	0.4839296296159133	A549	cutting_control	pearson
BRD4-1	BRD4	0.9353325972573866	A549	cutting_control	pearson
BRD4-2	BRD4	0.9059594945074276	A549	cutting_control	pearson
CCND1-1	CCND1	1.1961481442634518	A549	cutting_control	pearson
CCND1-2	CCND1	1.3546851598619736	A549	cutting_control	pearson
CCNE1-1	CCNE1	2.0503422907957276	A549	cutting_control	pearson
CCNE1-2	CCNE1	1.930831681372622	A549	cutting_control	pearson
CDK2-1	CDK2	1.5918733224828048	A549	cutting_control	pearson
CDK2-2	CDK2	1.4721458327475572	A549	cutting_control	pearson
CDK4-1	CDK4	1.213851150783111	A549	cutting_control	pearson
CDK4-2	CDK4	0.9609698470313125	A549	cutting_control	pearson
CDK4-3	CDK4	1.0479966054428607	A549	cutting_control	pearson
CHEK2-1	CHEK2	0.574167294894758	A549	cutting_control	pearson
CHEK2-2	CHEK2	0.4829468234095493	A549	cutting_control	pearson
COX5B-1	COX5B	0.07463742506766974	A549	cutting_control	pearson
COX5B-2	COX5B	0.20870968100031137	A549	cutting_control	pearson
CSNK1A1-1	CSNK1A1	1.9452072971240675	A549	cutting_control	pearson
CSNK1A1-2	CSNK1A1	1.4701517062260878	A549	cutting_control	pearson
CTNNB1-1	CTNNB1	-0.24466664984691983	A549	cutting_control	pearson
CTNNB1-2	CTNNB1	-0.26500334533671166	A549	cutting_control	pearson
Chr2-1	Chr2	0.015790301282907204	A549	cutting_control	pearson
Chr2-2	Chr2	-0.07213846981276849	A549	cutting_control	pearson
Chr2-3	Chr2	0.06840667883885201	A549	cutting_control	pearson
Chr2-4	Chr2	-0.15956321042625354	A549	cutting_control	pearson
Chr2-5	Chr2	-0.0366677052277911	A549	cutting_control	pearson
Chr2-6	Chr2	0.07375478423971875	A549	cutting_control	pearson
DOT1L-1	DOT1L	0.31357156362628014	A549	cutting_control	pearson
DOT1L-2	DOT1L	0.1949914658878798	A549	cutting_control	pearson
EGFR-1	EGFR	0.3345001385812733	A549	cutting_control	pearson
EGFR-2	EGFR	0.5440446275544482	A549	cutting_control	pearson
EGLN1-8	EGLN1	0.050909212703541214	A549	cutting_control	pearson
EGLN1-9	EGLN1	0.2320267354270428	A549	cutting_control	pearson
EMPTY	EMPTY		A549	cutting_control	pearson
ERBB2-1	ERBB2	1.4381486363354081	A549	cutting_control	pearson
ERBB2-2	ERBB2	1.4158284082889618	A549	cutting_control	pearson
ERBB3-1	ERBB3	0.3294341499751759	A549	cutting_control	pearson
ERBB3-2	ERBB3	0.389194897097468	A549	cutting_control	pearson
EZH2-1	EZH2	0.7608240355508984	A549	cutting_control	pearson
EZH2-2	EZH2	0.706280820217262	A549	cutting_control	pearson
GLS-1	GLS	-0.5063487029929714	A549	cutting_control	pearson
GLS-2	GLS	-0.10374715776411536	A549	cutting_control	pearson
GPX4-1	GPX4	0.2337785835950371	A549	cutting_control	pearson
GPX4-2	GPX4	0.16511203133070326	A549	cutting_control	pearson
HIF1a-1	HIF1a	0.5378322183668854	A549	cutting_control	pearson
HIF1a-2	HIF1a	0.4607377685145733	A549	cutting_control	pearson
ITGAV-1	ITGAV	4.244596681901054	A549	cutting_control	pearson
ITGAV-2	ITGAV	4.349115725495744	A549	cutting_control	pearson
JAK3-1	JAK3	0.05023392325514306	A549	cutting_control	pearson
JAK3-2	JAK3	-0.17880893248548146	A549	cutting_control	pearson
KIF11-1	KIF11	1.9298966741740589	A549	cutting_control	pearson
KIF11-2	KIF11	2.113977891608865	A549	cutting_control	pearson
KRAS-1	KRAS	0.9562831009969099	A549	cutting_control	pearson
KRAS-2A	KRAS	1.0599102656065773	A549	cutting_control	pearson
KRAS-2B	KRAS	-0.013994239661798654	A549	cutting_control	pearson
LacZ-2	LacZ	0.6950081147031538	A549	cutting_control	pearson
LacZ-3	LacZ	0.6972716162919718	A549	cutting_control	pearson
Luc-1	Luc	0.7806714737958967	A549	cutting_control	pearson
Luc-2	Luc	0.8471694408704417	A549	cutting_control	pearson
MAPK1-1	MAPK1	0.1440649638167171	A549	cutting_control	pearson
MAPK1-2	MAPK1	0.44375062777512514	A549	cutting_control	pearson
MCL1-2	MCL1	0.4060383035088699	A549	cutting_control	pearson
MCL1-5	MCL1	0.4406230578920509	A549	cutting_control	pearson
MTOR-1	MTOR	1.0706150202507017	A549	cutting_control	pearson
MTOR-2	MTOR	1.3215756068175497	A549	cutting_control	pearson
MYC-1	MYC	3.1703416498424257	A549	cutting_control	pearson
MYC-2	MYC	2.6529123071325955	A549	cutting_control	pearson
ORC4-1	ORC4	0.010614123422089887	A549	cutting_control	pearson
ORC4-2	ORC4	0.05707535327244457	A549	cutting_control	pearson
PIK3CA-1	PIK3CA	1.2539827564960282	A549	cutting_control	pearson
PIK3CA-2	PIK3CA	1.0641060209600792	A549	cutting_control	pearson
POLR2D-1	POLR2D	1.9220541512946296	A549	cutting_control	pearson
POLR2D-2	POLR2D	1.914980170148468	A549	cutting_control	pearson
PPIB-1	PPIB	-0.4961163245210413	A549	cutting_control	pearson
PPIB-2	PPIB	-0.2374372053055279	A549	cutting_control	pearson
PRDX1-1	PRDX1	0.4566613487223246	A549	cutting_control	pearson
PRDX1-2	PRDX1	0.45559487577966895	A549	cutting_control	pearson
PSMA1-1	PSMA1	1.476437571284668	A549	cutting_control	pearson
PSMA1-2	PSMA1	1.4155993522694574	A549	cutting_control	pearson
PTK2-1	PTK2	2.449485501066645	A549	cutting_control	pearson
PTK2-2	PTK2	2.406234186353696	A549	cutting_control	pearson
RAC1-1	RAC1	0.18965121961657017	A549	cutting_control	pearson
RAC1-2	RAC1	0.32268028659100384	A549	cutting_control	pearson
RAF1-1	RAF1	0.10584838586211266	A549	cutting_control	pearson
RAF1-2	RAF1	0.23996851726305474	A549	cutting_control	pearson
RHOA-1	RHOA	0.49414737099753747	A549	cutting_control	pearson
RHOA-2	RHOA	0.41201875085151196	A549	cutting_control	pearson
SDHB-1	SDHB	0.37843846337259895	A549	cutting_control	pearson
SDHB-2	SDHB	0.34939289411714847	A549	cutting_control	pearson
SLC2A1-1	SLC2A1		A549	cutting_control	pearson
SLC2A2-2	SLC2A2		A549	cutting_control	pearson
SMARCB1-1	SMARCB1	0.054122215616252425	A549	cutting_control	pearson
SMARCB1-2	SMARCB1	-0.0034441520719691743	A549	cutting_control	pearson
STAT3-1	STAT3	0.2804945395281701	A549	cutting_control	pearson
STAT3-2	STAT3	0.3706102971740915	A549	cutting_control	pearson
SUZ12-1	SUZ12	1.350204886654577	A549	cutting_control	pearson
SUZ12-2	SUZ12	1.35153952467068	A549	cutting_control	pearson
TXN-1	TXN	0.38931437598132324	A549	cutting_control	pearson
TXN-2	TXN	0.45600571373597326	A549	cutting_control	pearson
XBP-1	XBP	0.74754648559064	A549	cutting_control	pearson
XBP-2	XBP	0.6949885298799415	A549	cutting_control	pearson
YAP1-1	YAP1	0.6537425064364032	A549	cutting_control	pearson
YAP1-2	YAP1	0.7804834433977009	A549	cutting_control	pearson
AKT1-1	AKT1	0.4534731255617604	A549	cutting_control	spearman
AKT1-2	AKT1	0.3831273198970355	A549	cutting_control	spearman
ARID1B-1	ARID1B	0.23690285620942486	A549	cutting_control	spearman
ARID1B-2	ARID1B	0.39467494198120623	A549	cutting_control	spearman
ATF4-1	ATF4	2.1504734582749645	A549	cutting_control	spearman
ATF4-2	ATF4	2.0870657492196134	A549	cutting_control	spearman
ATP50-1	ATP50	-0.1964459616462268	A549	cutting_control	spearman
ATP50-2	ATP50	0.04816123315596587	A549	cutting_control	spearman
AURKB-2	AURKB		A549	cutting_control	spearman
BCL2-1	BCL2	0.16728803192935557	A549	cutting_control	spearman
BCL2-2	BCL2	0.22579941895226405	A549	cutting_control	spearman
BCL2L2-1	BCL2L2	0.2187282255494783	A549	cutting_control	spearman
BCL2L2-2	BCL2L2	0.12397129590050371	A549	cutting_control	spearman
BCL2L2-4	BCL2L2	0.032089426876927556	A549	cutting_control	spearman
BRAF-2	BRAF		A549	cutting_control	spearman
BRAF1-1	BRAF1		A549	cutting_control	spearman
BRCA1-1	BRCA1	0.4183242665047562	A549	cutting_control	spearman
BRCA1-2	BRCA1	0.45741535393853855	A549	cutting_control	spearman
BRD4-1	BRD4	0.8134939998135527	A549	cutting_control	spearman
BRD4-2	BRD4	0.8122583272818956	A549	cutting_control	spearman
CCND1-1	CCND1	1.1771101911413906	A549	cutting_control	spearman
CCND1-2	CCND1	1.3252926973160326	A549	cutting_control	spearman
CCNE1-1	CCNE1	1.9760987550872413	A549	cutting_control	spearman
CCNE1-2	CCNE1	1.88398693883393	A549	cutting_control	spearman
CDK2-1	CDK2	1.550505580128383	A549	cutting_control	spearman
CDK2-2	CDK2	1.4302104909339026	A549	cutting_control	spearman
CDK4-1	CDK4	1.2018950615123438	A549	cutting_control	spearman
CDK4-2	CDK4	0.9774821796531938	A549	cutting_control	spearman
CDK4-3	CDK4	1.024290331100362	A549	cutting_control	spearman
CHEK2-1	CHEK2	0.5455777745839527	A549	cutting_control	spearman
CHEK2-2	CHEK2	0.4546675978163517	A549	cutting_control	spearman
COX5B-1	COX5B	-0.004683805681232062	A549	cutting_control	spearman
COX5B-2	COX5B	0.16457588491928632	A549	cutting_control	spearman
CSNK1A1-1	CSNK1A1	1.8098006431766147	A549	cutting_control	spearman
CSNK1A1-2	CSNK1A1	1.394237265157872	A549	cutting_control	spearman
CTNNB1-1	CTNNB1	-0.2332976977186555	A549	cutting_control	spearman
CTNNB1-2	CTNNB1	-0.2759583008529863	A549	cutting_control	spearman
Chr2-1	Chr2	0.028785949048985963	A549	cutting_control	spearman
Chr2-2	Chr2	-0.06987107123032424	A549	cutting_control	spearman
Chr2-3	Chr2	0.07186095810848829	A549	cutting_control	spearman
Chr2-4	Chr2	-0.1670353784053321	A549	cutting_control	spearman
Chr2-5	Chr2	-0.042234336412991756	A549	cutting_control	spearman
Chr2-6	Chr2	0.07467431851759701	A549	cutting_control	spearman
DOT1L-1	DOT1L	0.27401640924382964	A549	cutting_control	spearman
DOT1L-2	DOT1L	0.1591739883331731	A549	cutting_control	spearman
EGFR-1	EGFR	0.25820495844321456	A549	cutting_control	spearman
EGFR-2	EGFR	0.4565119684444377	A549	cutting_control	spearman
EGLN1-8	EGLN1	-0.007051797740935765	A549	cutting_control	spearman
EGLN1-9	EGLN1	0.16968490757907695	A549	cutting_control	spearman
EMPTY	EMPTY		A549	cutting_control	spearman
ERBB2-1	ERBB2	1.3986406158182072	A549	cutting_control	spearman
ERBB2-2	ERBB2	1.391336716860766	A549	cutting_control	spearman
ERBB3-1	ERBB3	0.33042677679353905	A549	cutting_control	spearman
ERBB3-2	ERBB3	0.3933788551647647	A549	cutting_control	spearman
EZH2-1	EZH2	0.7537710827844455	A549	cutting_control	spearman
EZH2-2	EZH2	0.6986880096052268	A549	cutting_control	spearman
GLS-1	GLS	-0.5949359340863649	A549	cutting_control	spearman
GLS-2	GLS	-0.165800408572377	A549	cutting_control	spearman
GPX4-1	GPX4	0.22120783920849404	A549	cutting_control	spearman
GPX4-2	GPX4	0.13166195826865285	A549	cutting_control	spearman
HIF1a-1	HIF1a	0.5103797327234986	A549	cutting_control	spearman
HIF1a-2	HIF1a	0.43304347243425734	A549	cutting_control	spearman
ITGAV-1	ITGAV	3.961534315392402	A549	cutting_control	spearman
ITGAV-2	ITGAV	4.041696384034292	A549	cutting_control	spearman
JAK3-1	JAK3	0.0019535887709423924	A549	cutting_control	spearman
JAK3-2	JAK3	-0.24270988613571992	A549	cutting_control	spearman
KIF11-1	KIF11	1.8695397556639455	A549	cutting_control	spearman
KIF11-2	KIF11	2.036323255960144	A549	cutting_control	spearman
KRAS-1	KRAS	0.9376858553298217	A549	cutting_control	spearman
KRAS-2A	KRAS	0.985200131699442	A549	cutting_control	spearman
KRAS-2B	KRAS	-0.044869304426862135	A549	cutting_control	spearman
LacZ-2	LacZ	0.7077954138128812	A549	cutting_control	spearman
LacZ-3	LacZ	0.7177556342707984	A549	cutting_control	spearman
Luc-1	Luc	0.8267322404432572	A549	cutting_control	spearman
Luc-2	Luc	0.8867159565499045	A549	cutting_control	spearman
MAPK1-1	MAPK1	0.10337105050921121	A549	cutting_control	spearman
MAPK1-2	MAPK1	0.4091563146737045	A549	cutting_control	spearman
MCL1-2	MCL1	0.41450400231371176	A549	cutting_control	spearman
MCL1-5	MCL1	0.4666482056766729	A549	cutting_control	spearman
MTOR-1	MTOR	0.9611328105420716	A549	cutting_control	spearman
MTOR-2	MTOR	1.2106369456541377	A549	cutting_control	spearman
MYC-1	MYC	2.92149972243459	A549	cutting_control	spearman
MYC-2	MYC	2.523387261846192	A549	cutting_control	spearman
ORC4-1	ORC4	0.006342177491360589	A549	cutting_control	spearman
ORC4-2	ORC4	0.048759014878000044	A549	cutting_control	spearman
PIK3CA-1	PIK3CA	1.1444917574371412	A549	cutting_control	spearman
PIK3CA-2	PIK3CA	0.9548234708528344	A549	cutting_control	spearman
POLR2D-1	POLR2D	1.88172180644987	A549	cutting_control	spearman
POLR2D-2	POLR2D	1.8769192821983312	A549	cutting_control	spearman
PPIB-1	PPIB	-0.5307465784319676	A549	cutting_control	spearman
PPIB-2	PPIB	-0.2505840466199658	A549	cutting_control	spearman
PRDX1-1	PRDX1	0.4639033864788118	A549	cutting_control	spearman
PRDX1-2	PRDX1	0.46117838400420524	A549	cutting_control	spearman
PSMA1-1	PSMA1	1.4406166257907589	A549	cutting_control	spearman
PSMA1-2	PSMA1	1.3869324247689054	A549	cutting_control	spearman
PTK2-1	PTK2	2.130155797704943	A549	cutting_control	spearman
PTK2-2	PTK2	2.1360961507989447	A549	cutting_control	spearman
RAC1-1	RAC1	0.17815188276596297	A549	cutting_control	spearman
RAC1-2	RAC1	0.3228771359947933	A549	cutting_control	spearman
RAF1-1	RAF1	0.028885528333211872	A549	cutting_control	spearman
RAF1-2	RAF1	0.16698931204691	A549	cutting_control	spearman
RHOA-1	RHOA	0.43459201193334235	A549	cutting_control	spearman
RHOA-2	RHOA	0.3661345621973975	A549	cutting_control	spearman
SDHB-1	SDHB	0.3561433353322702	A549	cutting_control	spearman
SDHB-2	SDHB	0.31876720493615457	A549	cutting_control	spearman
SLC2A1-1	SLC2A1		A549	cutting_control	spearman
SLC2A2-2	SLC2A2		A549	cutting_control	spearman
SMARCB1-1	SMARCB1	0.0354624383908521	A549	cutting_control	spearman
SMARCB1-2	SMARCB1	-0.0391990279904801	A549	cutting_control	spearman
STAT3-1	STAT3	0.27733029205617965	A549	cutting_control	spearman
STAT3-2	STAT3	0.36420760663289414	A549	cutting_control	spearman
SUZ12-1	SUZ12	1.3194953822349946	A549	cutting_control	spearman
SUZ12-2	SUZ12	1.3294511683833294	A549	cutting_control	spearman
TXN-1	TXN	0.38879579792382907	A549	cutting_control	spearman
TXN-2	TXN	0.45338294518921035	A549	cutting_control	spearman
XBP-1	XBP	0.7306888027525668	A549	cutting_control	spearman
XBP-2	XBP	0.6877332747435344	A549	cutting_control	spearman
YAP1-1	YAP1	0.6705051990993924	A549	cutting_control	spearman
YAP1-2	YAP1	0.8189670822427833	A549	cutting_control	spearman
AKT1-1	AKT1	0.28331150412087447	A549	perturbation_control	pearson
AKT1-2	AKT1	0.21559995598589243	A549	perturbation_control	pearson
ARID1B-1	ARID1B	0.25877519636266677	A549	perturbation_control	pearson
ARID1B-2	ARID1B	0.5597788040008028	A549	perturbation_control	pearson
ATF4-1	ATF4	2.6420645655330257	A549	perturbation_control	pearson
ATF4-2	ATF4	2.7287118830911066	A549	perturbation_control	pearson
ATP50-1	ATP50	-0.22062805066912528	A549	perturbation_control	pearson
ATP50-2	ATP50	0.398660895711598	A549	perturbation_control	pearson
AURKB-2	AURKB		A549	perturbation_control	pearson
BCL2-1	BCL2	0.11367832441733398	A549	perturbation_control	pearson
BCL2-2	BCL2	0.1713939088921979	A549	perturbation_control	pearson
BCL2L2-1	BCL2L2	-0.04464453993161889	A549	perturbation_control	pearson
BCL2L2-2	BCL2L2	-0.1463517113358982	A549	perturbation_control	pearson
BCL2L2-4	BCL2L2	-0.04075147807741121	A549	perturbation_control	pearson
BRAF-2	BRAF		A549	perturbation_control	pearson
BRAF1-1	BRAF1		A549	perturbation_control	pearson
BRCA1-1	BRCA1	0.5122816808950353	A549	perturbation_control	pearson
BRCA1-2	BRCA1	0.6640675718153006	A549	perturbation_control	pearson
BRD4-1	BRD4	0.7291320646359314	A549	perturbation_control	pearson
BRD4-2	BRD4	0.742883206879226	A549	perturbation_control	pearson
CCND1-1	CCND1	1.4392469900923575	A549	perturbation_control	pearson
CCND1-2	CCND1	1.7646873113997323	A549	perturbation_control	pearson
CCNE1-1	CCNE1	2.5350257182146936	A549	perturbation_control	pearson
CCNE1-2	CCNE1	2.3446395862550053	A549	perturbation_control	pearson
CDK2-1	CDK2	1.9474213071800461	A549	perturbation_control	pearson
CDK2-2	CDK2	1.8400066884022825	A549	perturbation_control	pearson
CDK4-1	CDK4	1.372785677345482	A549	perturbation_control	pearson
CDK4-2	CDK4	0.982878366748553	A549	perturbation_control	pearson
CDK4-3	CDK4	1.3411900238015066	A549	perturbation_control	pearson
CHEK2-1	CHEK2	0.3624349003071244	A549	perturbation_control	pearson
CHEK2-2	CHEK2	0.22993638099811442	A549	perturbation_control	pearson
COX5B-1	COX5B	-0.053119502451385574	A549	perturbation_control	pearson
COX5B-2	COX5B	0.34294554367087815	A549	perturbation_control	pearson
CSNK1A1-1	CSNK1A1	1.5758576052586348	A549	perturbation_control	pearson
CSNK1A1-2	CSNK1A1	1.268457335536728	A549	perturbation_control	pearson
CTNNB1-1	CTNNB1	-0.21987300675020424	A549	perturbation_control	pearson
CTNNB1-2	CTNNB1	-0.44636673853580455	A549	perturbation_control	pearson
Chr2-1	Chr2	0.09357574791918985	A549	perturbation_control	pearson
Chr2-2	Chr2	-0.10153367930845408	A549	perturbation_control	pearson
Chr2-3	Chr2	0.26672720737488476	A549	perturbation_control	pearson
Chr2-4	Chr2	-0.3074070895761666	A549	perturbation_control	pearson
Chr2-5	Chr2	-0.08554361623100132	A549	perturbation_control	pearson
Chr2-6	Chr2	0.23861194358248708	A549	perturbation_control	pearson
DOT1L-1	DOT1L	0.3188930063646875	A549	perturbation_control	pearson
DOT1L-2	DOT1L	0.007436133123171744	A549	perturbation_control	pearson
EGFR-1	EGFR	0.09269171841835329	A549	perturbation_control	pearson
EGFR-2	EGFR	0.5205031279358603	A549	perturbation_control	pearson
EGLN1-8	EGLN1	-0.06288544036918063	A549	perturbation_control	pearson
EGLN1-9	EGLN1	0.46033017620166067	A549	perturbation_control	pearson
EMPTY	EMPTY		A549	perturbation_control	pearson
ERBB2-1	ERBB2	1.7283855016029344	A549	perturbation_control	pearson
ERBB2-2	ERBB2	1.7439366560126213	A549	perturbation_control	pearson
ERBB3-1	ERBB3	0.41362392762406697	A549	perturbation_control	pearson
ERBB3-2	ERBB3	0.5252730210866234	A549	perturbation_control	pearson
EZH2-1	EZH2	1.0517082939171085	A549	perturbation_control	pearson
EZH2-2	EZH2	0.9717654761771121	A549	perturbation_control	pearson
GLS-1	GLS	-0.5627003211588631	A549	perturbation_control	pearson
GLS-2	GLS	0.27343454386640104	A549	perturbation_control	pearson
GPX4-1	GPX4	0.2992719979841273	A549	perturbation_control	pearson
GPX4-2	GPX4	0.07055903906611927	A549	perturbation_control	pearson
HIF1a-1	HIF1a	0.35399808926824994	A549	perturbation_control	pearson
HIF1a-2	HIF1a	0.2218350768712592	A549	perturbation_control	pearson
ITGAV-1	ITGAV	4.77150710481719	A549	perturbation_control	pearson
ITGAV-2	ITGAV	4.8435072810872555	A549	perturbation_control	pearson
JAK3-1	JAK3	0.17587330541999802	A549	perturbation_control	pearson
JAK3-2	JAK3	-0.40827722969417635	A549	perturbation_control	pearson
KIF11-1	KIF11	2.2431416061653833	A549	perturbation_control	pearson
KIF11-2	KIF11	2.463186717289059	A549	perturbation_control	pearson
KRAS-1	KRAS	0.9416954891288776	A549	perturbation_control	pearson
KRAS-2A	KRAS	1.0826115475075326	A549	perturbation_control	pearson
KRAS-2B	KRAS	-0.2911480387140307	A549	perturbation_control	pearson
LacZ-2	LacZ	0.43398942996033624	A549	perturbation_control	pearson
LacZ-3	LacZ	0.38612720054004734	A549	perturbation_control	pearson
Luc-1	Luc	0.4758591922063068	A549	perturbation_control	pearson
Luc-2	Luc	0.600104642922512	A549	perturbation_control	pearson
MAPK1-1	MAPK1	-0.12640971525561218	A549	perturbation_control	pearson
MAPK1-2	MAPK1	0.5166046072114481	A549	perturbation_control	pearson
MCL1-2	MCL1	0.1891585619597759	A549	perturbation_control	pearson
MCL1-5	MCL1	0.1293657524701662	A549	perturbation_control	pearson
MTOR-1	MTOR	1.018083017495776	A549	perturbation_control	pearson
MTOR-2	MTOR	1.4404833824792194	A549	perturbation_control	pearson
MYC-1	MYC	3.619032827138148	A549	perturbation_control	pearson
MYC-2	MYC	3.042286830086318	A549	perturbation_control	pearson
ORC4-1	ORC4	-0.11449091559993788	A549	perturbation_control	pearson
ORC4-2	ORC4	0.05821918058216862	A549	perturbation_control	pearson
PIK3CA-1	PIK3CA	1.417759550779838	A549	perturbation_control	pearson
PIK3CA-2	PIK3CA	0.9934593922194177	A549	perturbation_control	pearson
POLR2D-1	POLR2D	2.288818015430331	A549	perturbation_control	pearson
POLR2D-2	POLR2D	2.312319413479697	A549	perturbation_control	pearson
PPIB-1	PPIB	-0.7735447342904036	A549	perturbation_control	pearson
PPIB-2	PPIB	-0.08568077084079793	A549	perturbation_control	pearson
PRDX1-1	PRDX1	0.28673625416098947	A549	perturbation_control	pearson
PRDX1-2	PRDX1	0.319551850768169	A549	perturbation_control	pearson
PSMA1-1	PSMA1	1.7529914337726311	A549	perturbation_control	pearson
PSMA1-2	PSMA1	1.7685306601800415	A549	perturbation_control	pearson
PTK2-1	PTK2	2.6642915922573653	A549	perturbation_control	pearson
PTK2-2	PTK2	2.368174871949418	A549	perturbation_control	pearson
RAC1-1	RAC1	-0.03244286773683504	A549	perturbation_control	pearson
RAC1-2	RAC1	0.24103444457582096	A549	perturbation_control	pearson
RAF1-1	RAF1	0.08515703390890929	A549	perturbation_control	pearson
RAF1-2	RAF1	0.3483513362004914	A549	perturbation_control	pearson
RHOA-1	RHOA	0.5069784577695976	A549	perturbation_control	pearson
RHOA-2	RHOA	0.3991128201097087	A549	perturbation_control	pearson
SDHB-1	SDHB	0.30052885579162836	A549	perturbation_control	pearson
SDHB-2	SDHB	0.19761962031125568	A549	perturbation_control	pearson
SLC2A1-1	SLC2A1		A549	perturbation_control	pearson
SLC2A2-2	SLC2A2		A549	perturbation_control	pearson
SMARCB1-1	SMARCB1	0.06038984235321568	A549	perturbation_control	pearson
SMARCB1-2	SMARCB1	-0.16121271600944906	A549	perturbation_control	pearson
STAT3-1	STAT3	0.20404175704975833	A549	perturbation_control	pearson
STAT3-2	STAT3	0.4386306174694465	A549	perturbation_control	pearson
SUZ12-1	SUZ12	1.788300598165029	A549	perturbation_control	pearson
SUZ12-2	SUZ12	1.79236807131087	A549	perturbation_control	pearson
TXN-1	TXN	0.5653586167429114	A549	perturbation_control	pearson
TXN-2	TXN	0.7133114407087945	A549	perturbation_control	pearson
XBP-1	XBP	0.9498068077684536	A549	perturbation_control	pearson
XBP-2	XBP	0.9230174124559356	A549	perturbation_control	pearson
YAP1-1	YAP1	0.41328876228723843	A549	perturbation_control	pearson
YAP1-2	YAP1	0.527375107669907	A549	perturbation_control	pearson
AKT1-1	AKT1	0.251684341650549	A549	perturbation_control	spearman
AKT1-2	AKT1	0.18773948867226956	A549	perturbation_control	spearman
ARID1B-1	ARID1B	0.220808093858327	A549	perturbation_control	spearman
ARID1B-2	ARID1B	0.5280649634811293	A549	perturbation_control	spearman
ATF4-1	ATF4	2.6541429609601757	A549	perturbation_control	spearman
ATF4-2	ATF4	2.7157491423007336	A549	perturbation_control	spearman
ATP50-1	ATP50	-0.22078612943674233	A549	perturbation_control	spearman
ATP50-2	ATP50	0.42968889459569576	A549	perturbation_control	spearman
AURKB-2	AURKB		A549	perturbation_control	spearman
BCL2-1	BCL2	0.09701155781757134	A549	perturbation_control	spearman
BCL2-2	BCL2	0.17457665455230717	A549	perturbation_control	spearman
BCL2L2-1	BCL2L2	-0.05179949948092302	A549	perturbation_control	spearman
BCL2L2-2	BCL2L2	-0.1602406119102341	A549	perturbation_control	spearman
BCL2L2-4	BCL2L2	-0.02638428391050709	A549	perturbation_control	spearman
BRAF-2	BRAF		A549	perturbation_control	spearman
BRAF1-1	BRAF1		A549	perturbation_control	spearman
BRCA1-1	BRCA1	0.4969595087590831	A549	perturbation_control	spearman
BRCA1-2	BRCA1	0.6452454413142497	A549	perturbation_control	spearman
BRD4-1	BRD4	0.602711489633653	A549	perturbation_control	spearman
BRD4-2	BRD4	0.6348729113503461	A549	perturbation_control	spearman
CCND1-1	CCND1	1.4388562380554677	A549	perturbation_control	spearman
CCND1-2	CCND1	1.7669435369380553	A549	perturbation_control	spearman
CCNE1-1	CCNE1	2.5227577242781978	A549	perturbation_control	spearman
CCNE1-2	CCNE1	2.345467623043176	A549	perturbation_control	spearman
CDK2-1	CDK2	1.9531869140582674	A549	perturbation_control	spearman
CDK2-2	CDK2	1.8480472646458115	A549	perturbation_control	spearman
CDK4-1	CDK4	1.3963346040144498	A549	perturbation_control	spearman
CDK4-2	CDK4	1.0169964401145524	A549	perturbation_control	spearman
CDK4-3	CDK4	1.3606683528934038	A549	perturbation_control	spearman
CHEK2-1	CHEK2	0.33107377824635414	A549	perturbation_control	spearman
CHEK2-2	CHEK2	0.19929235625466024	A549	perturbation_control	spearman
COX5B-1	COX5B	-0.13886419471195785	A549	perturbation_control	spearman
COX5B-2	COX5B	0.3254754077086216	A549	perturbation_control	spearman
CSNK1A1-1	CSNK1A1	1.4413909517617545	A549	perturbation_control	spearman
CSNK1A1-2	CSNK1A1	1.1766961122113395	A549	perturbation_control	spearman
CTNNB1-1	CTNNB1	-0.18853142517301977	A549	perturbation_control	spearman
CTNNB1-2	CTNNB1	-0.4621187332698658	A549	perturbation_control	spearman
Chr2-1	Chr2	0.10670107043081596	A549	perturbation_control	spearman
Chr2-2	Chr2	-0.10534204556954495	A549	perturbation_control	spearman
Chr2-3	Chr2	0.26579764705550285	A549	perturbation_control	spearman
Chr2-4	Chr2	-0.3228835213548952	A549	perturbation_control	spearman
Chr2-5	Chr2	-0.098559024424328	A549	perturbation_control	spearman
Chr2-6	Chr2	0.2390820197992533	A549	perturbation_control	spearman
DOT1L-1	DOT1L	0.27994872182427105	A549	perturbation_control	spearman
DOT1L-2	DOT1L	-0.013995059520399663	A549	perturbation_control	spearman
EGFR-1	EGFR	0.013372234533446476	A549	perturbation_control	spearman
EGFR-2	EGFR	0.44334356759515525	A549	perturbation_control	spearman
EGLN1-8	EGLN1	-0.14203022544862423	A549	perturbation_control	spearman
EGLN1-9	EGLN1	0.4031648615403306	A549	perturbation_control	spearman
EMPTY	EMPTY		A549	perturbation_control	spearman
ERBB2-1	ERBB2	1.7216260749354706	A549	perturbation_control	spearman
ERBB2-2	ERBB2	1.741367236105335	A549	perturbation_control	spearman
ERBB3-1	ERBB3	0.42633227776043636	A549	perturbation_control	spearman
ERBB3-2	ERBB3	0.5469932532949863	A549	perturbation_control	spearman
EZH2-1	EZH2	1.0664562553593107	A549	perturbation_control	spearman
EZH2-2	EZH2	0.9724946351721458	A549	perturbation_control	spearman
GLS-1	GLS	-0.6642381373710903	A549	perturbation_control	spearman
GLS-2	GLS	0.2167274153640447	A549	perturbation_control	spearman
GPX4-1	GPX4	0.300782933851083	A549	perturbation_control	spearman
GPX4-2	GPX4	0.04206193797087274	A549	perturbation_control	spearman
HIF1a-1	HIF1a	0.3287529023693086	A549	perturbation_control	spearman
HIF1a-2	HIF1a	0.17387078154756508	A549	perturbation_control	spearman
ITGAV-1	ITGAV	4.59637006243271	A549	perturbation_control	spearman
ITGAV-2	ITGAV	4.650228353337339	A549	perturbation_control	spearman
JAK3-1	JAK3	0.14603705733130878	A549	perturbation_control	spearman
JAK3-2	JAK3	-0.5117877240693532	A549	perturbation_control	spearman
KIF11-1	KIF11	2.218392459029828	A549	perturbation_control	spearman
KIF11-2	KIF11	2.4255230679769437	A549	perturbation_control	spearman
KRAS-1	KRAS	0.8962563988205553	A549	perturbation_control	spearman
KRAS-2A	KRAS	1.0196432763487644	A549	perturbation_control	spearman
KRAS-2B	KRAS	-0.3308403875003099	A549	perturbation_control	spearman
LacZ-2	LacZ	0.4344258484838019	A549	perturbation_control	spearman
LacZ-3	LacZ	0.3841809200944694	A549	perturbation_control	spearman
Luc-1	Luc	0.5190855764045474	A549	perturbation_control	spearman
Luc-2	Luc	0.6327632119161901	A549	perturbation_control	spearman
MAPK1-1	MAPK1	-0.18980812044095186	A549	perturbation_control	spearman
MAPK1-2	MAPK1	0.4939314699682609	A549	perturbation_control	spearman
MCL1-2	MCL1	0.19062135795325374	A549	perturbation_control	spearman
MCL1-5	MCL1	0.1401669061066888	A549	perturbation_control	spearman
MTOR-1	MTOR	0.8971670119655126	A549	perturbation_control	spearman
MTOR-2	MTOR	1.3206172836959604	A549	perturbation_control	spearman
MYC-1	MYC	3.427873485812791	A549	perturbation_control	spearman
MYC-2	MYC	2.963443913895968	A549	perturbation_control	spearman
ORC4-1	ORC4	-0.12363728970639871	A549	perturbation_control	spearman
ORC4-2	ORC4	0.05123602280859221	A549	perturbation_control	spearman
PIK3CA-1	PIK3CA	1.3045074043871172	A549	perturbation_control	spearman
PIK3CA-2	PIK3CA	0.8822322096830129	A549	perturbation_control	spearman
POLR2D-1	POLR2D	2.2863023250626355	A549	perturbation_control	spearman
POLR2D-2	POLR2D	2.3085638840782945	A549	perturbation_control	spearman
PPIB-1	PPIB	-0.8307752460506674	A549	perturbation_control	spearman
PPIB-2	PPIB	-0.08894331019955458	A549	perturbation_control	spearman
PRDX1-1	PRDX1	0.27738233855799915	A549	perturbation_control	spearman
PRDX1-2	PRDX1	0.31495403529692695	A549	perturbation_control	spearman
PSMA1-1	PSMA1	1.730299203598403	A549	perturbation_control	spearman
PSMA1-2	PSMA1	1.7622518223188715	A549	perturbation_control	spearman
PTK2-1	PTK2	2.366467455336429	A549	perturbation_control	spearman
PTK2-2	PTK2	2.128444257080444	A549	perturbation_control	spearman
RAC1-1	RAC1	-0.05342366385652458	A549	perturbation_control	spearman
RAC1-2	RAC1	0.24629499276486952	A549	perturbation_control	spearman
RAF1-1	RAF1	-0.006463114708430326	A549	perturbation_control	spearman
RAF1-2	RAF1	0.2935400515527675	A549	perturbation_control	spearman
RHOA-1	RHOA	0.44613625343403956	A549	perturbation_control	spearman
RHOA-2	RHOA	0.3586902320579256	A549	perturbation_control	spearman
SDHB-1	SDHB	0.281881030868368	A549	perturbation_control	spearman
SDHB-2	SDHB	0.15549987276681726	A549	perturbation_control	spearman
SLC2A1-1	SLC2A1		A549	perturbation_control	spearman
SLC2A2-2	SLC2A2		A549	perturbation_control	spearman
SMARCB1-1	SMARCB1	0.056430434625857936	A549	perturbation_control	spearman
SMARCB1-2	SMARCB1	-0.19522900371573068	A549	perturbation_control	spearman
STAT3-1	STAT3	0.20870567000724613	A549	perturbation_control	spearman
STAT3-2	STAT3	0.4368558741030019	A549	perturbation_control	spearman
SUZ12-1	SUZ12	1.7690643615460786	A549	perturbation_control	spearman
SUZ12-2	SUZ12	1.7982891471053781	A549	perturbation_control	spearman
TXN-1	TXN	0.575515143089454	A549	perturbation_control	spearman
TXN-2	TXN	0.7151856885413325	A549	perturbation_control	spearman
XBP-1	XBP	0.9404197819803074	A549	perturbation_control	spearman
XBP-2	XBP	0.9197046788756076	A549	perturbation_control	spearman
YAP1-1	YAP1	0.4215614842845336	A549	perturbation_control	spearman
YAP1-2	YAP1	0.5446456421062444	A549	perturbation_control	spearman
