perturbation	group	grit	cell_line	barcode_control
AKT1-1	AKT1	0.7939518994236523	HCC44	cutting_control
AKT1-2	AKT1	0.7758397667158597	HCC44	cutting_control
ARID1B-1	ARID1B	0.4488762445390089	HCC44	cutting_control
ARID1B-2	ARID1B	0.3234624900651081	HCC44	cutting_control
ATF4-1	ATF4	0.21437354589631788	HCC44	cutting_control
ATF4-2	ATF4	0.47313965341504144	HCC44	cutting_control
ATP50-1	ATP50	0.9713710252521012	HCC44	cutting_control
ATP50-2	ATP50	0.6375823634490378	HCC44	cutting_control
AURKB-2	AURKB		HCC44	cutting_control
BCL2-1	BCL2	0.6209306217243887	HCC44	cutting_control
BCL2-2	BCL2	0.6790593471539071	HCC44	cutting_control
BCL2L2-1	BCL2L2	-0.21147696554483997	HCC44	cutting_control
BCL2L2-2	BCL2L2	0.15947937837739332	HCC44	cutting_control
BCL2L2-4	BCL2L2	0.2653483014954759	HCC44	cutting_control
BRAF-2	BRAF		HCC44	cutting_control
BRAF1-1	BRAF1		HCC44	cutting_control
BRCA1-1	BRCA1	0.6682376378925046	HCC44	cutting_control
BRCA1-2	BRCA1	0.7044037731266015	HCC44	cutting_control
BRD4-1	BRD4	3.102935750212685	HCC44	cutting_control
BRD4-2	BRD4	2.020758558504803	HCC44	cutting_control
CCND1-1	CCND1	0.6334122918227514	HCC44	cutting_control
CCND1-2	CCND1	0.25655892028342986	HCC44	cutting_control
CCNE1-1	CCNE1	1.6764193876238969	HCC44	cutting_control
CCNE1-2	CCNE1	1.2875116777316633	HCC44	cutting_control
CDK2-1	CDK2	2.29515701047413	HCC44	cutting_control
CDK2-2	CDK2	2.0948857789600006	HCC44	cutting_control
CDK4-1	CDK4	0.6711965021379149	HCC44	cutting_control
CDK4-2	CDK4	0.7053597955219028	HCC44	cutting_control
CDK4-3	CDK4	0.3449175573103251	HCC44	cutting_control
CHEK2-1	CHEK2	0.45036174051530253	HCC44	cutting_control
CHEK2-2	CHEK2	0.388134118707529	HCC44	cutting_control
COX5B-1	COX5B	0.548935634829478	HCC44	cutting_control
COX5B-2	COX5B	0.14505616506879382	HCC44	cutting_control
CSNK1A1-1	CSNK1A1	2.2429476063839076	HCC44	cutting_control
CSNK1A1-2	CSNK1A1	1.8055101002892213	HCC44	cutting_control
CTNNB1-1	CTNNB1	-0.2428711121159959	HCC44	cutting_control
CTNNB1-2	CTNNB1	0.06512989274753389	HCC44	cutting_control
Chr2-1	Chr2	0.14055113340464548	HCC44	cutting_control
Chr2-2	Chr2	0.13375083656602457	HCC44	cutting_control
Chr2-3	Chr2	0.13039880446849572	HCC44	cutting_control
Chr2-4	Chr2	0.035354724449145496	HCC44	cutting_control
Chr2-5	Chr2	0.17107974393098918	HCC44	cutting_control
Chr2-6	Chr2	0.17351495016652646	HCC44	cutting_control
DOT1L-1	DOT1L	1.1466118593483021	HCC44	cutting_control
DOT1L-2	DOT1L	1.4420248290332696	HCC44	cutting_control
EGFR-1	EGFR	0.5061598896360956	HCC44	cutting_control
EGFR-2	EGFR	0.1211139334819335	HCC44	cutting_control
EGLN1-8	EGLN1	1.6916637025544015	HCC44	cutting_control
EGLN1-9	EGLN1	1.4706406760776884	HCC44	cutting_control
EMPTY	EMPTY		HCC44	cutting_control
ERBB2-1	ERBB2	0.36425001646529664	HCC44	cutting_control
ERBB2-2	ERBB2	-0.06992386371556487	HCC44	cutting_control
ERBB3-1	ERBB3	0.39816181283918833	HCC44	cutting_control
ERBB3-2	ERBB3	0.4557001370429073	HCC44	cutting_control
EZH2-1	EZH2	1.117796545877219	HCC44	cutting_control
EZH2-2	EZH2	0.726102021863428	HCC44	cutting_control
GLS-1	GLS	0.8820503164907643	HCC44	cutting_control
GLS-2	GLS	0.3433040393947663	HCC44	cutting_control
GPX4-1	GPX4	1.3108142708040882	HCC44	cutting_control
GPX4-2	GPX4	1.1201857641824533	HCC44	cutting_control
HIF1a-1	HIF1a	0.9029782524766564	HCC44	cutting_control
HIF1a-2	HIF1a	0.8670077226011614	HCC44	cutting_control
ITGAV-1	ITGAV	3.775598422220097	HCC44	cutting_control
ITGAV-2	ITGAV	3.89943755229684	HCC44	cutting_control
JAK3-1	JAK3	0.5981411426778729	HCC44	cutting_control
JAK3-2	JAK3	0.4496246157540997	HCC44	cutting_control
KIF11-1	KIF11	2.4049433629311494	HCC44	cutting_control
KIF11-2	KIF11	2.0392316186738473	HCC44	cutting_control
KRAS-1	KRAS	1.42114608545736	HCC44	cutting_control
KRAS-2A	KRAS	1.2089577225132264	HCC44	cutting_control
KRAS-2B	KRAS	0.8095459561217299	HCC44	cutting_control
LacZ-2	LacZ	0.30040266115266	HCC44	cutting_control
LacZ-3	LacZ	0.40613697863280485	HCC44	cutting_control
Luc-1	Luc	0.5766548145227354	HCC44	cutting_control
Luc-2	Luc	0.5931328489055819	HCC44	cutting_control
MAPK1-1	MAPK1	0.9785350155170374	HCC44	cutting_control
MAPK1-2	MAPK1	0.9936686185700615	HCC44	cutting_control
MCL1-2	MCL1	0.2039036836170848	HCC44	cutting_control
MCL1-5	MCL1	0.5189857750145364	HCC44	cutting_control
MTOR-1	MTOR	1.2753883347784865	HCC44	cutting_control
MTOR-2	MTOR	1.4531191077086083	HCC44	cutting_control
MYC-1	MYC	2.6004128090738567	HCC44	cutting_control
MYC-2	MYC	2.5506778767053184	HCC44	cutting_control
ORC4-1	ORC4	0.12825495528390166	HCC44	cutting_control
ORC4-2	ORC4	-0.13312180719657052	HCC44	cutting_control
PIK3CA-1	PIK3CA	0.4084363393310102	HCC44	cutting_control
PIK3CA-2	PIK3CA	0.8795049145961021	HCC44	cutting_control
POLR2D-1	POLR2D	2.512618724313148	HCC44	cutting_control
POLR2D-2	POLR2D	2.3575052630767015	HCC44	cutting_control
PPIB-1	PPIB	0.02240909255257427	HCC44	cutting_control
PPIB-2	PPIB	-0.1615728903698469	HCC44	cutting_control
PRDX1-1	PRDX1	0.41640604423384614	HCC44	cutting_control
PRDX1-2	PRDX1	-0.1396550471907123	HCC44	cutting_control
PSMA1-1	PSMA1	1.9383761952213234	HCC44	cutting_control
PSMA1-2	PSMA1	2.0753025535243066	HCC44	cutting_control
PTK2-1	PTK2	2.1814492241750565	HCC44	cutting_control
PTK2-2	PTK2	2.348093262207179	HCC44	cutting_control
RAC1-1	RAC1	0.9016391796282994	HCC44	cutting_control
RAC1-2	RAC1	0.8058417250057359	HCC44	cutting_control
RAF1-1	RAF1	0.5273500203974151	HCC44	cutting_control
RAF1-2	RAF1	0.731984505994676	HCC44	cutting_control
RHOA-1	RHOA	3.0446484051329703	HCC44	cutting_control
RHOA-2	RHOA	3.0160007176450283	HCC44	cutting_control
SDHB-1	SDHB	1.0612703291827188	HCC44	cutting_control
SDHB-2	SDHB	0.9609351157599263	HCC44	cutting_control
SLC2A1-1	SLC2A1		HCC44	cutting_control
SLC2A2-2	SLC2A2		HCC44	cutting_control
SMARCB1-1	SMARCB1	0.6562247762960784	HCC44	cutting_control
SMARCB1-2	SMARCB1	0.8160563581530995	HCC44	cutting_control
STAT3-1	STAT3	0.6311556697938276	HCC44	cutting_control
STAT3-2	STAT3	0.35439874815450234	HCC44	cutting_control
SUZ12-1	SUZ12	1.442405819893889	HCC44	cutting_control
SUZ12-2	SUZ12	1.2086161489166565	HCC44	cutting_control
TXN-1	TXN	0.44847212082216015	HCC44	cutting_control
TXN-2	TXN	0.49327997011700275	HCC44	cutting_control
XBP-1	XBP	0.7188404710195445	HCC44	cutting_control
XBP-2	XBP	0.8269773098761504	HCC44	cutting_control
YAP1-1	YAP1	0.4569992336282447	HCC44	cutting_control
YAP1-2	YAP1	0.3521742028593341	HCC44	cutting_control
AKT1-1	AKT1	0.8674349077156667	HCC44	perturbation_control
AKT1-2	AKT1	0.9026532074707492	HCC44	perturbation_control
ARID1B-1	ARID1B	0.7022784035113658	HCC44	perturbation_control
ARID1B-2	ARID1B	0.6367334519731797	HCC44	perturbation_control
ATF4-1	ATF4	0.6127341079786361	HCC44	perturbation_control
ATF4-2	ATF4	0.7608193214020794	HCC44	perturbation_control
ATP50-1	ATP50	1.4534364908508204	HCC44	perturbation_control
ATP50-2	ATP50	1.2544062080466043	HCC44	perturbation_control
AURKB-2	AURKB		HCC44	perturbation_control
BCL2-1	BCL2	0.8154085266897712	HCC44	perturbation_control
BCL2-2	BCL2	0.7648350876638719	HCC44	perturbation_control
BCL2L2-1	BCL2L2	0.332096295273698	HCC44	perturbation_control
BCL2L2-2	BCL2L2	0.19846559867167	HCC44	perturbation_control
BCL2L2-4	BCL2L2	0.480131676974487	HCC44	perturbation_control
BRAF-2	BRAF		HCC44	perturbation_control
BRAF1-1	BRAF1		HCC44	perturbation_control
BRCA1-1	BRCA1	0.8614797293879837	HCC44	perturbation_control
BRCA1-2	BRCA1	0.891265952683586	HCC44	perturbation_control
BRD4-1	BRD4	2.6256612438284126	HCC44	perturbation_control
BRD4-2	BRD4	1.9628036706747385	HCC44	perturbation_control
CCND1-1	CCND1	0.7434798579759866	HCC44	perturbation_control
CCND1-2	CCND1	0.654151539411635	HCC44	perturbation_control
CCNE1-1	CCNE1	1.9372437347924043	HCC44	perturbation_control
CCNE1-2	CCNE1	1.7317310781419295	HCC44	perturbation_control
CDK2-1	CDK2	2.483662350472479	HCC44	perturbation_control
CDK2-2	CDK2	2.235288114963532	HCC44	perturbation_control
CDK4-1	CDK4	1.2023193669308903	HCC44	perturbation_control
CDK4-2	CDK4	1.085929454377235	HCC44	perturbation_control
CDK4-3	CDK4	0.8640682338462523	HCC44	perturbation_control
CHEK2-1	CHEK2	0.30434317602748767	HCC44	perturbation_control
CHEK2-2	CHEK2	0.4141472632456004	HCC44	perturbation_control
COX5B-1	COX5B	0.7843330573532734	HCC44	perturbation_control
COX5B-2	COX5B	0.7622095089892135	HCC44	perturbation_control
CSNK1A1-1	CSNK1A1	1.9510831006180354	HCC44	perturbation_control
CSNK1A1-2	CSNK1A1	1.5830062868661687	HCC44	perturbation_control
CTNNB1-1	CTNNB1	0.019830224172559453	HCC44	perturbation_control
CTNNB1-2	CTNNB1	0.007265619898510297	HCC44	perturbation_control
Chr2-1	Chr2	0.5731576291485996	HCC44	perturbation_control
Chr2-2	Chr2	0.3744005008036141	HCC44	perturbation_control
Chr2-3	Chr2	0.727814542054678	HCC44	perturbation_control
Chr2-4	Chr2	0.134739967259994	HCC44	perturbation_control
Chr2-5	Chr2	0.6107075047455551	HCC44	perturbation_control
Chr2-6	Chr2	0.7461777607980629	HCC44	perturbation_control
DOT1L-1	DOT1L	0.9148173603476987	HCC44	perturbation_control
DOT1L-2	DOT1L	0.9487778414060036	HCC44	perturbation_control
EGFR-1	EGFR	0.31365099466378765	HCC44	perturbation_control
EGFR-2	EGFR	0.38776935273295415	HCC44	perturbation_control
EGLN1-8	EGLN1	1.7260455687146012	HCC44	perturbation_control
EGLN1-9	EGLN1	1.619164184995058	HCC44	perturbation_control
EMPTY	EMPTY		HCC44	perturbation_control
ERBB2-1	ERBB2	0.23490333234410268	HCC44	perturbation_control
ERBB2-2	ERBB2	0.2186304129908776	HCC44	perturbation_control
ERBB3-1	ERBB3	0.7140032812229024	HCC44	perturbation_control
ERBB3-2	ERBB3	0.6258551185711511	HCC44	perturbation_control
EZH2-1	EZH2	0.9287445944674592	HCC44	perturbation_control
EZH2-2	EZH2	1.0484676172888718	HCC44	perturbation_control
GLS-1	GLS	1.099990995452499	HCC44	perturbation_control
GLS-2	GLS	0.9085538322826034	HCC44	perturbation_control
GPX4-1	GPX4	0.9843177341791289	HCC44	perturbation_control
GPX4-2	GPX4	0.8310927999600997	HCC44	perturbation_control
HIF1a-1	HIF1a	0.6864619013780557	HCC44	perturbation_control
HIF1a-2	HIF1a	0.6523969114389078	HCC44	perturbation_control
ITGAV-1	ITGAV	3.4956364362636214	HCC44	perturbation_control
ITGAV-2	ITGAV	3.6565007359956514	HCC44	perturbation_control
JAK3-1	JAK3	0.3302480142504797	HCC44	perturbation_control
JAK3-2	JAK3	0.27680903416479885	HCC44	perturbation_control
KIF11-1	KIF11	2.3888258186579048	HCC44	perturbation_control
KIF11-2	KIF11	2.274592144411584	HCC44	perturbation_control
KRAS-1	KRAS	1.532058404429086	HCC44	perturbation_control
KRAS-2A	KRAS	1.4473116037753766	HCC44	perturbation_control
KRAS-2B	KRAS	0.8776054725691241	HCC44	perturbation_control
LacZ-2	LacZ	0.2832155388669271	HCC44	perturbation_control
LacZ-3	LacZ	0.24773118925375362	HCC44	perturbation_control
Luc-1	Luc	0.4912265641822845	HCC44	perturbation_control
Luc-2	Luc	0.46313588986281173	HCC44	perturbation_control
MAPK1-1	MAPK1	0.9351399946165215	HCC44	perturbation_control
MAPK1-2	MAPK1	0.8650689896741759	HCC44	perturbation_control
MCL1-2	MCL1	0.4836251032274174	HCC44	perturbation_control
MCL1-5	MCL1	0.503812732429041	HCC44	perturbation_control
MTOR-1	MTOR	1.821523281183619	HCC44	perturbation_control
MTOR-2	MTOR	1.5508908097690233	HCC44	perturbation_control
MYC-1	MYC	2.5638861780068174	HCC44	perturbation_control
MYC-2	MYC	2.5368215096181945	HCC44	perturbation_control
ORC4-1	ORC4	0.3535708901303516	HCC44	perturbation_control
ORC4-2	ORC4	0.37081205112146903	HCC44	perturbation_control
PIK3CA-1	PIK3CA	0.8195113212830968	HCC44	perturbation_control
PIK3CA-2	PIK3CA	0.8231669754208796	HCC44	perturbation_control
POLR2D-1	POLR2D	2.5738846867351026	HCC44	perturbation_control
POLR2D-2	POLR2D	2.4522182988863364	HCC44	perturbation_control
PPIB-1	PPIB	0.11464669690246782	HCC44	perturbation_control
PPIB-2	PPIB	0.1131863734076968	HCC44	perturbation_control
PRDX1-1	PRDX1	0.3169217985916426	HCC44	perturbation_control
PRDX1-2	PRDX1	0.2957343635189338	HCC44	perturbation_control
PSMA1-1	PSMA1	2.1972132215659848	HCC44	perturbation_control
PSMA1-2	PSMA1	2.2669034638847503	HCC44	perturbation_control
PTK2-1	PTK2	2.7097691573175835	HCC44	perturbation_control
PTK2-2	PTK2	2.801088962305334	HCC44	perturbation_control
RAC1-1	RAC1	0.9544103613412004	HCC44	perturbation_control
RAC1-2	RAC1	0.8158169543595225	HCC44	perturbation_control
RAF1-1	RAF1	0.9365562416643685	HCC44	perturbation_control
RAF1-2	RAF1	1.0902648928969243	HCC44	perturbation_control
RHOA-1	RHOA	2.3680024307854826	HCC44	perturbation_control
RHOA-2	RHOA	2.4926614240654246	HCC44	perturbation_control
SDHB-1	SDHB	1.6784736319105649	HCC44	perturbation_control
SDHB-2	SDHB	1.2844300170019691	HCC44	perturbation_control
SLC2A1-1	SLC2A1		HCC44	perturbation_control
SLC2A2-2	SLC2A2		HCC44	perturbation_control
SMARCB1-1	SMARCB1	0.6360471592141193	HCC44	perturbation_control
SMARCB1-2	SMARCB1	0.7036796997848325	HCC44	perturbation_control
STAT3-1	STAT3	0.7210219453309611	HCC44	perturbation_control
STAT3-2	STAT3	0.6265750735377908	HCC44	perturbation_control
SUZ12-1	SUZ12	1.6004271425219985	HCC44	perturbation_control
SUZ12-2	SUZ12	1.6262019426711904	HCC44	perturbation_control
TXN-1	TXN	0.810487614754951	HCC44	perturbation_control
TXN-2	TXN	0.6925864326628225	HCC44	perturbation_control
XBP-1	XBP	1.0594813745214553	HCC44	perturbation_control
XBP-2	XBP	1.1844178316158986	HCC44	perturbation_control
YAP1-1	YAP1	0.5591970854240098	HCC44	perturbation_control
YAP1-2	YAP1	0.6357612051165541	HCC44	perturbation_control
AKT1-1	AKT1	0.2577272386135346	A549	cutting_control
AKT1-2	AKT1	0.2711111754026765	A549	cutting_control
ARID1B-1	ARID1B	0.4753620625687802	A549	cutting_control
ARID1B-2	ARID1B	0.32320963213267406	A549	cutting_control
ATF4-1	ATF4	1.563814217913183	A549	cutting_control
ATF4-2	ATF4	1.4805442507363817	A549	cutting_control
ATP50-1	ATP50	0.47750480849797444	A549	cutting_control
ATP50-2	ATP50	0.12364069261065641	A549	cutting_control
AURKB-2	AURKB		A549	cutting_control
BCL2-1	BCL2	0.282347664278064	A549	cutting_control
BCL2-2	BCL2	0.3143168786115231	A549	cutting_control
BCL2L2-1	BCL2L2	0.06600840354562892	A549	cutting_control
BCL2L2-2	BCL2L2	-0.023633423474468784	A549	cutting_control
BCL2L2-4	BCL2L2	-0.21266598124176553	A549	cutting_control
BRAF-2	BRAF		A549	cutting_control
BRAF1-1	BRAF1		A549	cutting_control
BRCA1-1	BRCA1	0.5747460828684363	A549	cutting_control
BRCA1-2	BRCA1	0.5520770244147956	A549	cutting_control
BRD4-1	BRD4	0.8448548484141233	A549	cutting_control
BRD4-2	BRD4	0.8965990443983295	A549	cutting_control
CCND1-1	CCND1	1.0606394055696016	A549	cutting_control
CCND1-2	CCND1	0.8901685658436101	A549	cutting_control
CCNE1-1	CCNE1	1.4427427459740412	A549	cutting_control
CCNE1-2	CCNE1	1.3942309964556803	A549	cutting_control
CDK2-1	CDK2	1.3554896908552816	A549	cutting_control
CDK2-2	CDK2	1.2342935955330487	A549	cutting_control
CDK4-1	CDK4	1.1132462138669035	A549	cutting_control
CDK4-2	CDK4	1.1217570854006018	A549	cutting_control
CDK4-3	CDK4	0.9527111013263296	A549	cutting_control
CHEK2-1	CHEK2	0.139620287720843	A549	cutting_control
CHEK2-2	CHEK2	0.23594175095681413	A549	cutting_control
COX5B-1	COX5B	0.6742976053450579	A549	cutting_control
COX5B-2	COX5B	0.3917006067443409	A549	cutting_control
CSNK1A1-1	CSNK1A1	2.0753950205712215	A549	cutting_control
CSNK1A1-2	CSNK1A1	1.6979228173180496	A549	cutting_control
CTNNB1-1	CTNNB1	-0.5167308834653463	A549	cutting_control
CTNNB1-2	CTNNB1	-0.15213850808981813	A549	cutting_control
Chr2-1	Chr2	0.1556906212596993	A549	cutting_control
Chr2-2	Chr2	0.11758502064013289	A549	cutting_control
Chr2-3	Chr2	0.16191856837555452	A549	cutting_control
Chr2-4	Chr2	0.0620148272180149	A549	cutting_control
Chr2-5	Chr2	0.15633376173682453	A549	cutting_control
Chr2-6	Chr2	0.16961372607033035	A549	cutting_control
DOT1L-1	DOT1L	0.12793318802031775	A549	cutting_control
DOT1L-2	DOT1L	0.3492658239914156	A549	cutting_control
EGFR-1	EGFR	0.5443517095318041	A549	cutting_control
EGFR-2	EGFR	0.23058778397733504	A549	cutting_control
EGLN1-8	EGLN1	0.44160718774824037	A549	cutting_control
EGLN1-9	EGLN1	0.09815149503278608	A549	cutting_control
EMPTY	EMPTY		A549	cutting_control
ERBB2-1	ERBB2	1.140727883748064	A549	cutting_control
ERBB2-2	ERBB2	1.2267027446026373	A549	cutting_control
ERBB3-1	ERBB3	0.7277219100274881	A549	cutting_control
ERBB3-2	ERBB3	0.6367044051671935	A549	cutting_control
EZH2-1	EZH2	0.8343580421794384	A549	cutting_control
EZH2-2	EZH2	0.8271286327150769	A549	cutting_control
GLS-1	GLS	0.5506672053442554	A549	cutting_control
GLS-2	GLS	0.07020988431867178	A549	cutting_control
GPX4-1	GPX4	0.2798741617184779	A549	cutting_control
GPX4-2	GPX4	0.5057532445732691	A549	cutting_control
HIF1a-1	HIF1a	0.24959216980220944	A549	cutting_control
HIF1a-2	HIF1a	0.3369126511331332	A549	cutting_control
ITGAV-1	ITGAV	2.787628067166717	A549	cutting_control
ITGAV-2	ITGAV	2.872148028924079	A549	cutting_control
JAK3-1	JAK3	-0.2613853468324766	A549	cutting_control
JAK3-2	JAK3	0.15451579087829806	A549	cutting_control
KIF11-1	KIF11	1.466419509322196	A549	cutting_control
KIF11-2	KIF11	1.5017376362432209	A549	cutting_control
KRAS-1	KRAS	0.6524987785550717	A549	cutting_control
KRAS-2A	KRAS	0.5604887508424873	A549	cutting_control
KRAS-2B	KRAS	0.17548854948006723	A549	cutting_control
LacZ-2	LacZ	0.36728250326202083	A549	cutting_control
LacZ-3	LacZ	0.47160909321796396	A549	cutting_control
Luc-1	Luc	0.6797938801884942	A549	cutting_control
Luc-2	Luc	0.7538964224961966	A549	cutting_control
MAPK1-1	MAPK1	0.48411130949982983	A549	cutting_control
MAPK1-2	MAPK1	0.08219707259739849	A549	cutting_control
MCL1-2	MCL1	-0.12072243069757221	A549	cutting_control
MCL1-5	MCL1	0.06959703409929563	A549	cutting_control
MTOR-1	MTOR	1.124431524007206	A549	cutting_control
MTOR-2	MTOR	0.9919835967085054	A549	cutting_control
MYC-1	MYC	1.946260425198622	A549	cutting_control
MYC-2	MYC	1.7320818958138875	A549	cutting_control
ORC4-1	ORC4	0.07002176413359099	A549	cutting_control
ORC4-2	ORC4	-0.0674623407061623	A549	cutting_control
PIK3CA-1	PIK3CA	0.8328484760818233	A549	cutting_control
PIK3CA-2	PIK3CA	1.243769541539335	A549	cutting_control
POLR2D-1	POLR2D	1.435691852201419	A549	cutting_control
POLR2D-2	POLR2D	1.40404727554103	A549	cutting_control
PPIB-1	PPIB	-0.03711674736196197	A549	cutting_control
PPIB-2	PPIB	-0.4345013226937293	A549	cutting_control
PRDX1-1	PRDX1	0.31953137793640574	A549	cutting_control
PRDX1-2	PRDX1	0.2815558863482022	A549	cutting_control
PSMA1-1	PSMA1	1.261239757733217	A549	cutting_control
PSMA1-2	PSMA1	1.1229589936087907	A549	cutting_control
PTK2-1	PTK2	1.7555795696926095	A549	cutting_control
PTK2-2	PTK2	2.246788145545771	A549	cutting_control
RAC1-1	RAC1	0.23615707537853162	A549	cutting_control
RAC1-2	RAC1	-0.0065315873087755045	A549	cutting_control
RAF1-1	RAF1	0.4566626335897915	A549	cutting_control
RAF1-2	RAF1	0.2477933524537768	A549	cutting_control
RHOA-1	RHOA	0.5840727406754713	A549	cutting_control
RHOA-2	RHOA	0.568977207354722	A549	cutting_control
SDHB-1	SDHB	0.2393972294934108	A549	cutting_control
SDHB-2	SDHB	0.3735471545402062	A549	cutting_control
SLC2A1-1	SLC2A1		A549	cutting_control
SLC2A2-2	SLC2A2		A549	cutting_control
SMARCB1-1	SMARCB1	-0.06049810229098175	A549	cutting_control
SMARCB1-2	SMARCB1	0.1452099667341401	A549	cutting_control
STAT3-1	STAT3	0.3737223507870677	A549	cutting_control
STAT3-2	STAT3	0.18979901740448668	A549	cutting_control
SUZ12-1	SUZ12	1.217013024747846	A549	cutting_control
SUZ12-2	SUZ12	1.1290853992210013	A549	cutting_control
TXN-1	TXN	0.6318226122681374	A549	cutting_control
TXN-2	TXN	0.627405629079378	A549	cutting_control
XBP-1	XBP	0.8583326540568503	A549	cutting_control
XBP-2	XBP	0.8146687339372503	A549	cutting_control
YAP1-1	YAP1	0.43325752736043444	A549	cutting_control
YAP1-2	YAP1	0.35308012859348836	A549	cutting_control
AKT1-1	AKT1	0.32772298041609055	A549	perturbation_control
AKT1-2	AKT1	0.28931720129463084	A549	perturbation_control
ARID1B-1	ARID1B	0.706693177935192	A549	perturbation_control
ARID1B-2	ARID1B	0.7302323721972179	A549	perturbation_control
ATF4-1	ATF4	1.9959038398532551	A549	perturbation_control
ATF4-2	ATF4	1.9713189205183177	A549	perturbation_control
ATP50-1	ATP50	0.6987049742133847	A549	perturbation_control
ATP50-2	ATP50	0.600053641782251	A549	perturbation_control
AURKB-2	AURKB		A549	perturbation_control
BCL2-1	BCL2	0.5808130826992923	A549	perturbation_control
BCL2-2	BCL2	0.5355594374260763	A549	perturbation_control
BCL2L2-1	BCL2L2	0.06276384494735097	A549	perturbation_control
BCL2L2-2	BCL2L2	-0.03717703196992115	A549	perturbation_control
BCL2L2-4	BCL2L2	-0.06211787514691664	A549	perturbation_control
BRAF-2	BRAF		A549	perturbation_control
BRAF1-1	BRAF1		A549	perturbation_control
BRCA1-1	BRCA1	0.905546606128799	A549	perturbation_control
BRCA1-2	BRCA1	0.9215649225267379	A549	perturbation_control
BRD4-1	BRD4	1.105268420302599	A549	perturbation_control
BRD4-2	BRD4	1.124635238103587	A549	perturbation_control
CCND1-1	CCND1	1.4143365801846812	A549	perturbation_control
CCND1-2	CCND1	1.3445752464300977	A549	perturbation_control
CCNE1-1	CCNE1	1.9040787883377586	A549	perturbation_control
CCNE1-2	CCNE1	1.8149758107004677	A549	perturbation_control
CDK2-1	CDK2	1.8042159006243257	A549	perturbation_control
CDK2-2	CDK2	1.6601475456857253	A549	perturbation_control
CDK4-1	CDK4	1.475740253631788	A549	perturbation_control
CDK4-2	CDK4	1.389997452858064	A549	perturbation_control
CDK4-3	CDK4	1.3433783783120594	A549	perturbation_control
CHEK2-1	CHEK2	0.21485001640273513	A549	perturbation_control
CHEK2-2	CHEK2	0.1846234085136843	A549	perturbation_control
COX5B-1	COX5B	0.9002856231047319	A549	perturbation_control
COX5B-2	COX5B	0.7315169456784774	A549	perturbation_control
CSNK1A1-1	CSNK1A1	1.95446001940097	A549	perturbation_control
CSNK1A1-2	CSNK1A1	1.557119293905284	A549	perturbation_control
CTNNB1-1	CTNNB1	-0.26136495649148817	A549	perturbation_control
CTNNB1-2	CTNNB1	-0.19370498291997693	A549	perturbation_control
Chr2-1	Chr2	0.4863278703845241	A549	perturbation_control
Chr2-2	Chr2	0.3607166279436964	A549	perturbation_control
Chr2-3	Chr2	0.5498264137401083	A549	perturbation_control
Chr2-4	Chr2	0.17234161237057138	A549	perturbation_control
Chr2-5	Chr2	0.3951432140659476	A549	perturbation_control
Chr2-6	Chr2	0.5422355812042605	A549	perturbation_control
DOT1L-1	DOT1L	0.3976821147256857	A549	perturbation_control
DOT1L-2	DOT1L	0.4251556945234976	A549	perturbation_control
EGFR-1	EGFR	0.5067138381480443	A549	perturbation_control
EGFR-2	EGFR	0.46360399216260284	A549	perturbation_control
EGLN1-8	EGLN1	0.5899169947764212	A549	perturbation_control
EGLN1-9	EGLN1	0.5253440248926348	A549	perturbation_control
EMPTY	EMPTY		A549	perturbation_control
ERBB2-1	ERBB2	1.518251979007883	A549	perturbation_control
ERBB2-2	ERBB2	1.6146046113852779	A549	perturbation_control
ERBB3-1	ERBB3	1.1035399184071157	A549	perturbation_control
ERBB3-2	ERBB3	1.0210788761309484	A549	perturbation_control
EZH2-1	EZH2	1.3053767768177502	A549	perturbation_control
EZH2-2	EZH2	1.2465137300434554	A549	perturbation_control
GLS-1	GLS	0.7721328970736651	A549	perturbation_control
GLS-2	GLS	0.5234115507588621	A549	perturbation_control
GPX4-1	GPX4	0.6217625174595248	A549	perturbation_control
GPX4-2	GPX4	0.7582265772103446	A549	perturbation_control
HIF1a-1	HIF1a	0.27082317096461506	A549	perturbation_control
HIF1a-2	HIF1a	0.2519409464502203	A549	perturbation_control
ITGAV-1	ITGAV	3.314499737800147	A549	perturbation_control
ITGAV-2	ITGAV	3.4008870376691775	A549	perturbation_control
JAK3-1	JAK3	0.09720388207114597	A549	perturbation_control
JAK3-2	JAK3	0.15107004633414312	A549	perturbation_control
KIF11-1	KIF11	1.7988733609300607	A549	perturbation_control
KIF11-2	KIF11	1.8798087438427435	A549	perturbation_control
KRAS-1	KRAS	0.8533016521963523	A549	perturbation_control
KRAS-2A	KRAS	0.8705315669226042	A549	perturbation_control
KRAS-2B	KRAS	0.010004841616518798	A549	perturbation_control
LacZ-2	LacZ	0.3232171082145245	A549	perturbation_control
LacZ-3	LacZ	0.32253437886856745	A549	perturbation_control
Luc-1	Luc	0.5562532470948904	A549	perturbation_control
Luc-2	Luc	0.5943235367605001	A549	perturbation_control
MAPK1-1	MAPK1	0.47948475250384054	A549	perturbation_control
MAPK1-2	MAPK1	0.39673794286336167	A549	perturbation_control
MCL1-2	MCL1	-0.03607506829424559	A549	perturbation_control
MCL1-5	MCL1	-0.04567092151105124	A549	perturbation_control
MTOR-1	MTOR	1.3026569018266552	A549	perturbation_control
MTOR-2	MTOR	1.362983724657882	A549	perturbation_control
MYC-1	MYC	2.468636194550884	A549	perturbation_control
MYC-2	MYC	2.1860269741678686	A549	perturbation_control
ORC4-1	ORC4	0.18968242362384435	A549	perturbation_control
ORC4-2	ORC4	0.18565885961724818	A549	perturbation_control
PIK3CA-1	PIK3CA	1.2868736243057772	A549	perturbation_control
PIK3CA-2	PIK3CA	1.5861629621139697	A549	perturbation_control
POLR2D-1	POLR2D	1.8175964421978543	A549	perturbation_control
POLR2D-2	POLR2D	1.8183279539364103	A549	perturbation_control
PPIB-1	PPIB	-0.06597022584501083	A549	perturbation_control
PPIB-2	PPIB	-0.08088986453102759	A549	perturbation_control
PRDX1-1	PRDX1	0.5457047913594223	A549	perturbation_control
PRDX1-2	PRDX1	0.4943874095825527	A549	perturbation_control
PSMA1-1	PSMA1	1.6774733305053613	A549	perturbation_control
PSMA1-2	PSMA1	1.5577597350692365	A549	perturbation_control
PTK2-1	PTK2	2.249774255953147	A549	perturbation_control
PTK2-2	PTK2	2.6091480363366966	A549	perturbation_control
RAC1-1	RAC1	0.2014855286767632	A549	perturbation_control
RAC1-2	RAC1	0.18151084426569505	A549	perturbation_control
RAF1-1	RAF1	0.7235436045105763	A549	perturbation_control
RAF1-2	RAF1	0.6553638865050191	A549	perturbation_control
RHOA-1	RHOA	0.923324367412576	A549	perturbation_control
RHOA-2	RHOA	0.8344706191722903	A549	perturbation_control
SDHB-1	SDHB	0.5041382246027272	A549	perturbation_control
SDHB-2	SDHB	0.5002179711331761	A549	perturbation_control
SLC2A1-1	SLC2A1		A549	perturbation_control
SLC2A2-2	SLC2A2		A549	perturbation_control
SMARCB1-1	SMARCB1	0.15777150485705183	A549	perturbation_control
SMARCB1-2	SMARCB1	0.17994295571441507	A549	perturbation_control
STAT3-1	STAT3	0.5395309054899328	A549	perturbation_control
STAT3-2	STAT3	0.5480045544491314	A549	perturbation_control
SUZ12-1	SUZ12	1.7260614771210743	A549	perturbation_control
SUZ12-2	SUZ12	1.588147399073767	A549	perturbation_control
TXN-1	TXN	0.9958957855220364	A549	perturbation_control
TXN-2	TXN	1.0642267141270443	A549	perturbation_control
XBP-1	XBP	1.2780148837883414	A549	perturbation_control
XBP-2	XBP	1.2138266233686414	A549	perturbation_control
YAP1-1	YAP1	0.5272585113682118	A549	perturbation_control
YAP1-2	YAP1	0.5459490145321282	A549	perturbation_control
AKT1-1	AKT1	-0.052500601515672214	ES2	cutting_control
AKT1-2	AKT1	0.2725548646635281	ES2	cutting_control
ARID1B-1	ARID1B	0.32033458583149266	ES2	cutting_control
ARID1B-2	ARID1B	0.4941318841335879	ES2	cutting_control
ATF4-1	ATF4	0.7786996843258343	ES2	cutting_control
ATF4-2	ATF4	0.8196721066130721	ES2	cutting_control
ATP50-1	ATP50	0.2354486422687677	ES2	cutting_control
ATP50-2	ATP50	0.019050709007808888	ES2	cutting_control
AURKB-2	AURKB		ES2	cutting_control
BCL2-1	BCL2	-0.18422863956430016	ES2	cutting_control
BCL2-2	BCL2	0.014403848699976293	ES2	cutting_control
BCL2L2-1	BCL2L2	-0.13670885651461243	ES2	cutting_control
BCL2L2-2	BCL2L2	-0.11923537640006561	ES2	cutting_control
BCL2L2-4	BCL2L2	-0.021880052251680375	ES2	cutting_control
BRAF-2	BRAF		ES2	cutting_control
BRAF1-1	BRAF1		ES2	cutting_control
BRCA1-1	BRCA1	0.012810681650543838	ES2	cutting_control
BRCA1-2	BRCA1	0.35503838398584137	ES2	cutting_control
BRD4-1	BRD4	1.1360151121120439	ES2	cutting_control
BRD4-2	BRD4	1.1632291056595228	ES2	cutting_control
CCND1-1	CCND1	2.518106020949407	ES2	cutting_control
CCND1-2	CCND1	3.254756705425626	ES2	cutting_control
CCNE1-1	CCNE1	0.9072159547936772	ES2	cutting_control
CCNE1-2	CCNE1	0.8557883165294831	ES2	cutting_control
CDK2-1	CDK2	2.0750478875860443	ES2	cutting_control
CDK2-2	CDK2	2.1601471078071084	ES2	cutting_control
CDK4-1	CDK4	3.243426602616471	ES2	cutting_control
CDK4-2	CDK4	2.975665127987892	ES2	cutting_control
CDK4-3	CDK4	2.832006225959999	ES2	cutting_control
CHEK2-1	CHEK2	0.8475955560782661	ES2	cutting_control
CHEK2-2	CHEK2	0.532794528120035	ES2	cutting_control
COX5B-1	COX5B	-0.023232284091565615	ES2	cutting_control
COX5B-2	COX5B	0.045208051113350266	ES2	cutting_control
CSNK1A1-1	CSNK1A1	0.9841023910992173	ES2	cutting_control
CSNK1A1-2	CSNK1A1	0.9026933875599803	ES2	cutting_control
CTNNB1-1	CTNNB1	0.8278143657261368	ES2	cutting_control
CTNNB1-2	CTNNB1	0.8132192301696345	ES2	cutting_control
Chr2-1	Chr2	0.010876792756328928	ES2	cutting_control
Chr2-2	Chr2	0.05461481808691819	ES2	cutting_control
Chr2-3	Chr2	0.056358686770052686	ES2	cutting_control
Chr2-4	Chr2	0.049833031565921025	ES2	cutting_control
Chr2-5	Chr2	0.08270750576806783	ES2	cutting_control
Chr2-6	Chr2	0.050238594330812625	ES2	cutting_control
DOT1L-1	DOT1L	0.867649118976822	ES2	cutting_control
DOT1L-2	DOT1L	0.9776090374843681	ES2	cutting_control
EGFR-1	EGFR	0.7714274667439132	ES2	cutting_control
EGFR-2	EGFR	0.8921023136000945	ES2	cutting_control
EGLN1-8	EGLN1	2.3052193434988584	ES2	cutting_control
EGLN1-9	EGLN1	1.8650708137450114	ES2	cutting_control
EMPTY	EMPTY		ES2	cutting_control
ERBB2-1	ERBB2	1.037922444439191	ES2	cutting_control
ERBB2-2	ERBB2	0.857112877434804	ES2	cutting_control
ERBB3-1	ERBB3	0.44851878836214826	ES2	cutting_control
ERBB3-2	ERBB3	0.3445586219569098	ES2	cutting_control
EZH2-1	EZH2	1.4420412199996429	ES2	cutting_control
EZH2-2	EZH2	1.5614321803865363	ES2	cutting_control
GLS-1	GLS	0.7305634921061039	ES2	cutting_control
GLS-2	GLS	0.7224833775716447	ES2	cutting_control
GPX4-1	GPX4	2.8433104839846672	ES2	cutting_control
GPX4-2	GPX4	2.5984901492847423	ES2	cutting_control
HIF1a-1	HIF1a	0.8156027468610891	ES2	cutting_control
HIF1a-2	HIF1a	0.9086216676018076	ES2	cutting_control
ITGAV-1	ITGAV	2.340665580459939	ES2	cutting_control
ITGAV-2	ITGAV	2.5555470261192625	ES2	cutting_control
JAK3-1	JAK3	-0.06943357193494354	ES2	cutting_control
JAK3-2	JAK3	-0.03517416619747464	ES2	cutting_control
KIF11-1	KIF11	1.3833870363746537	ES2	cutting_control
KIF11-2	KIF11	1.6930967506275119	ES2	cutting_control
KRAS-1	KRAS	0.27273451496923745	ES2	cutting_control
KRAS-2A	KRAS	0.13517051436408703	ES2	cutting_control
KRAS-2B	KRAS	0.105197028692433	ES2	cutting_control
LacZ-2	LacZ	-0.1725834689089705	ES2	cutting_control
LacZ-3	LacZ	0.061787393222870496	ES2	cutting_control
Luc-1	Luc	0.21846212329718456	ES2	cutting_control
Luc-2	Luc	0.36571492875621453	ES2	cutting_control
MAPK1-1	MAPK1	3.198469030647442	ES2	cutting_control
MAPK1-2	MAPK1	3.14373913984658	ES2	cutting_control
MCL1-2	MCL1	0.19699920179521313	ES2	cutting_control
MCL1-5	MCL1	0.3446658148920093	ES2	cutting_control
MTOR-1	MTOR	1.3113759411675963	ES2	cutting_control
MTOR-2	MTOR	1.5356952235907002	ES2	cutting_control
MYC-1	MYC	3.458590792449155	ES2	cutting_control
MYC-2	MYC	3.264184505724358	ES2	cutting_control
ORC4-1	ORC4	0.0713798193860335	ES2	cutting_control
ORC4-2	ORC4	0.03873101413142815	ES2	cutting_control
PIK3CA-1	PIK3CA	0.5611285866642385	ES2	cutting_control
PIK3CA-2	PIK3CA	0.5302697413112166	ES2	cutting_control
POLR2D-1	POLR2D	2.298051331921329	ES2	cutting_control
POLR2D-2	POLR2D	2.1774488291181058	ES2	cutting_control
PPIB-1	PPIB	-0.08991638301371603	ES2	cutting_control
PPIB-2	PPIB	0.061259467933588226	ES2	cutting_control
PRDX1-1	PRDX1	0.3155419130068851	ES2	cutting_control
PRDX1-2	PRDX1	0.32719075196360936	ES2	cutting_control
PSMA1-1	PSMA1	2.3306308852118476	ES2	cutting_control
PSMA1-2	PSMA1	2.5308456506859534	ES2	cutting_control
PTK2-1	PTK2	1.4097601219148412	ES2	cutting_control
PTK2-2	PTK2	1.396814554740004	ES2	cutting_control
RAC1-1	RAC1	0.40836664729548716	ES2	cutting_control
RAC1-2	RAC1	0.5564537692275411	ES2	cutting_control
RAF1-1	RAF1	0.6433625587937544	ES2	cutting_control
RAF1-2	RAF1	0.7633274297621679	ES2	cutting_control
RHOA-1	RHOA	2.2720145213425633	ES2	cutting_control
RHOA-2	RHOA	2.670339198596741	ES2	cutting_control
SDHB-1	SDHB	1.1493476181032523	ES2	cutting_control
SDHB-2	SDHB	1.0756740329728087	ES2	cutting_control
SLC2A1-1	SLC2A1		ES2	cutting_control
SLC2A2-2	SLC2A2		ES2	cutting_control
SMARCB1-1	SMARCB1	0.6899647987229585	ES2	cutting_control
SMARCB1-2	SMARCB1	0.4145497972605923	ES2	cutting_control
STAT3-1	STAT3	0.5163322626107886	ES2	cutting_control
STAT3-2	STAT3	0.44935652286263483	ES2	cutting_control
SUZ12-1	SUZ12	0.6579227602134654	ES2	cutting_control
SUZ12-2	SUZ12	0.4831993073957385	ES2	cutting_control
TXN-1	TXN	0.6865338288669827	ES2	cutting_control
TXN-2	TXN	0.6565250848426826	ES2	cutting_control
XBP-1	XBP	1.0046078354191803	ES2	cutting_control
XBP-2	XBP	1.0053889688485675	ES2	cutting_control
YAP1-1	YAP1	1.9051619764386847	ES2	cutting_control
YAP1-2	YAP1	1.7588263716738473	ES2	cutting_control
AKT1-1	AKT1	0.19682781641046274	ES2	perturbation_control
AKT1-2	AKT1	0.1975911471070905	ES2	perturbation_control
ARID1B-1	ARID1B	0.8290899050299534	ES2	perturbation_control
ARID1B-2	ARID1B	0.7911199057943806	ES2	perturbation_control
ATF4-1	ATF4	1.105817168431504	ES2	perturbation_control
ATF4-2	ATF4	1.1746900937747546	ES2	perturbation_control
ATP50-1	ATP50	0.4672828531490885	ES2	perturbation_control
ATP50-2	ATP50	0.4324661917758482	ES2	perturbation_control
AURKB-2	AURKB		ES2	perturbation_control
BCL2-1	BCL2	0.16457221006289935	ES2	perturbation_control
BCL2-2	BCL2	0.2003930038833509	ES2	perturbation_control
BCL2L2-1	BCL2L2	-0.12681964801906342	ES2	perturbation_control
BCL2L2-2	BCL2L2	0.1009466954058136	ES2	perturbation_control
BCL2L2-4	BCL2L2	0.15909318672944048	ES2	perturbation_control
BRAF-2	BRAF		ES2	perturbation_control
BRAF1-1	BRAF1		ES2	perturbation_control
BRCA1-1	BRCA1	0.4674115729870682	ES2	perturbation_control
BRCA1-2	BRCA1	0.48299415882415064	ES2	perturbation_control
BRD4-1	BRD4	1.2630796981905223	ES2	perturbation_control
BRD4-2	BRD4	1.2599658133247982	ES2	perturbation_control
CCND1-1	CCND1	2.470158326780975	ES2	perturbation_control
CCND1-2	CCND1	2.646205546037506	ES2	perturbation_control
CCNE1-1	CCNE1	1.1000757271785968	ES2	perturbation_control
CCNE1-2	CCNE1	1.1475185744528595	ES2	perturbation_control
CDK2-1	CDK2	2.1362913473323433	ES2	perturbation_control
CDK2-2	CDK2	1.9374352526807381	ES2	perturbation_control
CDK4-1	CDK4	2.79821752361741	ES2	perturbation_control
CDK4-2	CDK4	2.73265328980195	ES2	perturbation_control
CDK4-3	CDK4	2.622731063516716	ES2	perturbation_control
CHEK2-1	CHEK2	0.585130315730854	ES2	perturbation_control
CHEK2-2	CHEK2	0.509377849975657	ES2	perturbation_control
COX5B-1	COX5B	0.14167099141290856	ES2	perturbation_control
COX5B-2	COX5B	0.1212424324670478	ES2	perturbation_control
CSNK1A1-1	CSNK1A1	0.9212830860579425	ES2	perturbation_control
CSNK1A1-2	CSNK1A1	0.858314744330674	ES2	perturbation_control
CTNNB1-1	CTNNB1	1.2512254110904564	ES2	perturbation_control
CTNNB1-2	CTNNB1	1.2156929421451752	ES2	perturbation_control
Chr2-1	Chr2	0.31706363625209616	ES2	perturbation_control
Chr2-2	Chr2	0.22023995940719504	ES2	perturbation_control
Chr2-3	Chr2	0.5746061491622918	ES2	perturbation_control
Chr2-4	Chr2	0.36718258976410945	ES2	perturbation_control
Chr2-5	Chr2	0.4202260929234999	ES2	perturbation_control
Chr2-6	Chr2	0.5027702800920101	ES2	perturbation_control
DOT1L-1	DOT1L	1.3235558868010642	ES2	perturbation_control
DOT1L-2	DOT1L	1.3048354258033446	ES2	perturbation_control
EGFR-1	EGFR	1.1536332759094505	ES2	perturbation_control
EGFR-2	EGFR	1.3551551851044334	ES2	perturbation_control
EGLN1-8	EGLN1	2.7552609462410222	ES2	perturbation_control
EGLN1-9	EGLN1	2.5742571608527913	ES2	perturbation_control
EMPTY	EMPTY		ES2	perturbation_control
ERBB2-1	ERBB2	1.4230040533013495	ES2	perturbation_control
ERBB2-2	ERBB2	1.4216712895763801	ES2	perturbation_control
ERBB3-1	ERBB3	0.7389624099174575	ES2	perturbation_control
ERBB3-2	ERBB3	0.7064937164310944	ES2	perturbation_control
EZH2-1	EZH2	1.4212300945009175	ES2	perturbation_control
EZH2-2	EZH2	1.5625624002692602	ES2	perturbation_control
GLS-1	GLS	1.1568318402046562	ES2	perturbation_control
GLS-2	GLS	1.1435423611674003	ES2	perturbation_control
GPX4-1	GPX4	3.5513256066115355	ES2	perturbation_control
GPX4-2	GPX4	3.284218165795347	ES2	perturbation_control
HIF1a-1	HIF1a	0.9226211379316676	ES2	perturbation_control
HIF1a-2	HIF1a	0.9567895812299836	ES2	perturbation_control
ITGAV-1	ITGAV	2.8934377652964525	ES2	perturbation_control
ITGAV-2	ITGAV	3.075652004241959	ES2	perturbation_control
JAK3-1	JAK3	-0.004046348241556187	ES2	perturbation_control
JAK3-2	JAK3	-0.034981734369956795	ES2	perturbation_control
KIF11-1	KIF11	1.5490867176532293	ES2	perturbation_control
KIF11-2	KIF11	1.8479896558479036	ES2	perturbation_control
KRAS-1	KRAS	0.1580967359881683	ES2	perturbation_control
KRAS-2A	KRAS	0.28196123257860495	ES2	perturbation_control
KRAS-2B	KRAS	0.12586086445356523	ES2	perturbation_control
LacZ-2	LacZ	-0.04015947077487789	ES2	perturbation_control
LacZ-3	LacZ	-0.04711950792731498	ES2	perturbation_control
Luc-1	Luc	0.49874046747609835	ES2	perturbation_control
Luc-2	Luc	0.46081029555796704	ES2	perturbation_control
MAPK1-1	MAPK1	3.0089116586446667	ES2	perturbation_control
MAPK1-2	MAPK1	2.9564210948479026	ES2	perturbation_control
MCL1-2	MCL1	0.15147416666840116	ES2	perturbation_control
MCL1-5	MCL1	0.12655070606760815	ES2	perturbation_control
MTOR-1	MTOR	1.5979288027899483	ES2	perturbation_control
MTOR-2	MTOR	1.6024921977805509	ES2	perturbation_control
MYC-1	MYC	3.7142865165429537	ES2	perturbation_control
MYC-2	MYC	3.51542018063059	ES2	perturbation_control
ORC4-1	ORC4	0.40109543924918367	ES2	perturbation_control
ORC4-2	ORC4	0.42296084625632463	ES2	perturbation_control
PIK3CA-1	PIK3CA	0.8946142200649627	ES2	perturbation_control
PIK3CA-2	PIK3CA	1.0336300862423355	ES2	perturbation_control
POLR2D-1	POLR2D	2.628745440024212	ES2	perturbation_control
POLR2D-2	POLR2D	2.5238551575593933	ES2	perturbation_control
PPIB-1	PPIB	0.14498391295643806	ES2	perturbation_control
PPIB-2	PPIB	0.15395053260758462	ES2	perturbation_control
PRDX1-1	PRDX1	0.5465111496471047	ES2	perturbation_control
PRDX1-2	PRDX1	0.7506790285862265	ES2	perturbation_control
PSMA1-1	PSMA1	2.838853470730779	ES2	perturbation_control
PSMA1-2	PSMA1	3.0532035231380146	ES2	perturbation_control
PTK2-1	PTK2	1.9177344656760238	ES2	perturbation_control
PTK2-2	PTK2	1.878712433444178	ES2	perturbation_control
RAC1-1	RAC1	0.8426598464184722	ES2	perturbation_control
RAC1-2	RAC1	0.8351076139724762	ES2	perturbation_control
RAF1-1	RAF1	1.1479649868720228	ES2	perturbation_control
RAF1-2	RAF1	1.1498752233326401	ES2	perturbation_control
RHOA-1	RHOA	2.699542911994486	ES2	perturbation_control
RHOA-2	RHOA	3.022862400254708	ES2	perturbation_control
SDHB-1	SDHB	0.9852640084088363	ES2	perturbation_control
SDHB-2	SDHB	0.9585723770879048	ES2	perturbation_control
SLC2A1-1	SLC2A1		ES2	perturbation_control
SLC2A2-2	SLC2A2		ES2	perturbation_control
SMARCB1-1	SMARCB1	0.8237688099842061	ES2	perturbation_control
SMARCB1-2	SMARCB1	0.6577176870564936	ES2	perturbation_control
STAT3-1	STAT3	0.8530917775820533	ES2	perturbation_control
STAT3-2	STAT3	0.9139737448009119	ES2	perturbation_control
SUZ12-1	SUZ12	0.7886785234958246	ES2	perturbation_control
SUZ12-2	SUZ12	0.8270706706047269	ES2	perturbation_control
TXN-1	TXN	1.0173500157546753	ES2	perturbation_control
TXN-2	TXN	0.9434056757064772	ES2	perturbation_control
XBP-1	XBP	1.1218484085278835	ES2	perturbation_control
XBP-2	XBP	1.1704756388398787	ES2	perturbation_control
YAP1-1	YAP1	2.236624892867626	ES2	perturbation_control
YAP1-2	YAP1	2.340301678851891	ES2	perturbation_control
